3,goog,Alphabet Inc.,712.42,3/3/16,4:00pm,1958309
8,goog,Alphabet Inc.,714.49,3/4/16,9:30am,36111
14,goog,Alphabet Inc.,715.99,3/4/16,9:31am,61522
18,goog,Alphabet Inc.,716.47,3/4/16,9:32am,78279
23,goog,Alphabet Inc.,714.36,3/4/16,9:33am,97403
27,goog,Alphabet Inc.,714.31,3/4/16,9:34am,104124
33,goog,Alphabet Inc.,712.5,3/4/16,9:35am,112147
38,goog,Alphabet Inc.,710.75,3/4/16,9:36am,129910
43,goog,Alphabet Inc.,711.5,3/4/16,9:37am,137082
47,goog,Alphabet Inc.,710.71,3/4/16,9:38am,141063
52,goog,Alphabet Inc.,711.46,3/4/16,9:39am,148601
57,goog,Alphabet Inc.,709.75,3/4/16,9:40am,157888
63,goog,Alphabet Inc.,708.95,3/4/16,9:41am,171152
67,goog,Alphabet Inc.,708.93,3/4/16,9:42am,179801
72,goog,Alphabet Inc.,709.34,3/4/16,9:43am,183425
76,goog,Alphabet Inc.,708.76,3/4/16,9:44am,191292
80,goog,Alphabet Inc.,709.98,3/4/16,9:45am,195687
84,goog,Alphabet Inc.,709.59,3/4/16,9:46am,206703
89,goog,Alphabet Inc.,710.19,3/4/16,9:47am,216622
92,goog,Alphabet Inc.,709.85,3/4/16,9:48am,221764
98,goog,Alphabet Inc.,710.13,3/4/16,9:49am,226116
101,goog,Alphabet Inc.,709.64,3/4/16,9:50am,233832
105,goog,Alphabet Inc.,710.15,3/4/16,9:51am,238266
110,goog,Alphabet Inc.,708.53,3/4/16,9:52am,250472
114,goog,Alphabet Inc.,706.4,3/4/16,9:53am,270426
119,goog,Alphabet Inc.,706.95,3/4/16,9:54am,285811
124,goog,Alphabet Inc.,706.04,3/4/16,9:55am,295352
128,goog,Alphabet Inc.,706.65,3/4/16,9:56am,310040
133,goog,Alphabet Inc.,707.47,3/4/16,9:57am,317446
138,goog,Alphabet Inc.,707.47,3/4/16,9:58am,326736
143,goog,Alphabet Inc.,708,3/4/16,9:59am,331296
148,goog,Alphabet Inc.,708.16,3/4/16,10:00am,338000
153,goog,Alphabet Inc.,707.23,3/4/16,10:01am,342069
156,goog,Alphabet Inc.,706.67,3/4/16,10:02am,347782
161,goog,Alphabet Inc.,706.99,3/4/16,10:03am,350260
164,goog,Alphabet Inc.,707.44,3/4/16,10:04am,352852
170,goog,Alphabet Inc.,706.58,3/4/16,10:05am,356569
175,goog,Alphabet Inc.,707.63,3/4/16,10:06am,365615
179,goog,Alphabet Inc.,707.71,3/4/16,10:07am,368928
184,goog,Alphabet Inc.,707.69,3/4/16,10:08am,370681
188,goog,Alphabet Inc.,707.83,3/4/16,10:09am,372904
193,goog,Alphabet Inc.,707.01,3/4/16,10:10am,378085
198,goog,Alphabet Inc.,706.87,3/4/16,10:11am,380153
202,goog,Alphabet Inc.,707.54,3/4/16,10:12am,387357
207,goog,Alphabet Inc.,707.81,3/4/16,10:13am,393072
212,goog,Alphabet Inc.,707.76,3/4/16,10:14am,397390
217,goog,Alphabet Inc.,707.41,3/4/16,10:15am,405607
222,goog,Alphabet Inc.,708.17,3/4/16,10:16am,407882
227,goog,Alphabet Inc.,707.89,3/4/16,10:17am,412492
230,goog,Alphabet Inc.,707.76,3/4/16,10:18am,413351
237,goog,Alphabet Inc.,708.03,3/4/16,10:19am,418312
241,goog,Alphabet Inc.,707.88,3/4/16,10:20am,422960
246,goog,Alphabet Inc.,707.42,3/4/16,10:21am,426415
251,goog,Alphabet Inc.,706.98,3/4/16,10:22am,433714
255,goog,Alphabet Inc.,706.87,3/4/16,10:23am,437362
259,goog,Alphabet Inc.,707.03,3/4/16,10:24am,438129
262,goog,Alphabet Inc.,706.72,3/4/16,10:25am,441419
266,goog,Alphabet Inc.,707.31,3/4/16,10:26am,446335
270,goog,Alphabet Inc.,707.82,3/4/16,10:27am,449740
274,goog,Alphabet Inc.,708.31,3/4/16,10:28am,456685
278,goog,Alphabet Inc.,708.16,3/4/16,10:29am,466392
282,goog,Alphabet Inc.,708.3,3/4/16,10:30am,474993
286,goog,Alphabet Inc.,708.81,3/4/16,10:31am,483074
291,goog,Alphabet Inc.,708.28,3/4/16,10:32am,487336
299,goog,Alphabet Inc.,708.25,3/4/16,10:33am,493075
302,goog,Alphabet Inc.,707.93,3/4/16,10:34am,493719
306,goog,Alphabet Inc.,708.18,3/4/16,10:35am,497583
311,goog,Alphabet Inc.,708.66,3/4/16,10:36am,504896
314,goog,Alphabet Inc.,708.88,3/4/16,10:37am,510891
320,goog,Alphabet Inc.,708.4,3/4/16,10:38am,515023
325,goog,Alphabet Inc.,708.3,3/4/16,10:39am,521145
330,goog,Alphabet Inc.,708.25,3/4/16,10:40am,526298
334,goog,Alphabet Inc.,708,3/4/16,10:41am,528178
338,goog,Alphabet Inc.,707,3/4/16,10:42am,541145
342,goog,Alphabet Inc.,707.45,3/4/16,10:43am,542571
346,goog,Alphabet Inc.,707.39,3/4/16,10:44am,545448
349,goog,Alphabet Inc.,707.4,3/4/16,10:45am,548010
354,goog,Alphabet Inc.,707.37,3/4/16,10:46am,558118
359,goog,Alphabet Inc.,707.52,3/4/16,10:47am,563935
364,goog,Alphabet Inc.,707.8,3/4/16,10:48am,569254
368,goog,Alphabet Inc.,707.95,3/4/16,10:49am,573921
372,goog,Alphabet Inc.,708.5,3/4/16,10:50am,590320
376,goog,Alphabet Inc.,708.5,3/4/16,10:51am,594948
381,goog,Alphabet Inc.,708.39,3/4/16,10:52am,598728
387,goog,Alphabet Inc.,708.28,3/4/16,10:53am,600474
391,goog,Alphabet Inc.,708,3/4/16,10:54am,602185
394,goog,Alphabet Inc.,708,3/4/16,10:55am,610041
400,goog,Alphabet Inc.,707.6,3/4/16,10:56am,613933
405,goog,Alphabet Inc.,707.77,3/4/16,10:57am,616314
408,goog,Alphabet Inc.,707.36,3/4/16,10:58am,618698
412,goog,Alphabet Inc.,707.62,3/4/16,10:59am,621438
417,goog,Alphabet Inc.,707.91,3/4/16,11:00am,624705
421,goog,Alphabet Inc.,708.3,3/4/16,11:01am,627632
427,goog,Alphabet Inc.,707.81,3/4/16,11:02am,631653
430,goog,Alphabet Inc.,707.47,3/4/16,11:03am,634208
436,goog,Alphabet Inc.,708.64,3/4/16,11:04am,639466
439,goog,Alphabet Inc.,708.47,3/4/16,11:05am,643148
443,goog,Alphabet Inc.,708.61,3/4/16,11:06am,647540
447,goog,Alphabet Inc.,708.62,3/4/16,11:07am,652163
452,goog,Alphabet Inc.,708.85,3/4/16,11:08am,661765
455,goog,Alphabet Inc.,708.64,3/4/16,11:09am,665547
459,goog,Alphabet Inc.,709.38,3/4/16,11:10am,675772
464,goog,Alphabet Inc.,709.16,3/4/16,11:11am,682647
470,goog,Alphabet Inc.,708.8,3/4/16,11:55am,909698
476,goog,Alphabet Inc.,709.04,3/4/16,11:56am,910174
480,goog,Alphabet Inc.,709.32,3/4/16,11:57am,913699
484,goog,Alphabet Inc.,709.04,3/4/16,11:58am,918718
489,goog,Alphabet Inc.,709.37,3/4/16,11:59am,920263
493,goog,Alphabet Inc.,709.74,3/4/16,12:00pm,922515
497,goog,Alphabet Inc.,709.73,3/4/16,12:01pm,923360
502,goog,Alphabet Inc.,709.67,3/4/16,12:02pm,926145
507,goog,Alphabet Inc.,709.32,3/4/16,12:03pm,931964
511,goog,Alphabet Inc.,709.5,3/4/16,12:04pm,933321
513,goog,Alphabet Inc.,709.53,3/4/16,12:05pm,934682
520,goog,Alphabet Inc.,709.7,3/4/16,12:06pm,938065
524,goog,Alphabet Inc.,709.41,3/4/16,12:07pm,942297
529,goog,Alphabet Inc.,709.54,3/4/16,12:08pm,946565
533,goog,Alphabet Inc.,709.75,3/4/16,12:09pm,947438
537,goog,Alphabet Inc.,709.86,3/4/16,12:10pm,948612
542,goog,Alphabet Inc.,709.95,3/4/16,12:11pm,951586
545,goog,Alphabet Inc.,709.7,3/4/16,12:12pm,953521
549,goog,Alphabet Inc.,709.97,3/4/16,12:13pm,955661
555,goog,Alphabet Inc.,709.46,3/4/16,12:14pm,959894
560,goog,Alphabet Inc.,709.26,3/4/16,12:15pm,962440
563,goog,Alphabet Inc.,709.16,3/4/16,12:16pm,963278
567,goog,Alphabet Inc.,709.17,3/4/16,12:17pm,965534
572,goog,Alphabet Inc.,709.3,3/4/16,12:18pm,968939
577,goog,Alphabet Inc.,709.49,3/4/16,12:19pm,969405
580,goog,Alphabet Inc.,709.65,3/4/16,12:20pm,971032
585,goog,Alphabet Inc.,709.15,3/4/16,12:21pm,981549
592,goog,Alphabet Inc.,709.87,3/4/16,12:23pm,985740
596,goog,Alphabet Inc.,709.41,3/4/16,12:24pm,988918
604,goog,Alphabet Inc.,709.19,3/4/16,12:26pm,990368
607,goog,Alphabet Inc.,709.34,3/4/16,12:27pm,990498
615,goog,Alphabet Inc.,709.79,3/4/16,12:29pm,992291
619,goog,Alphabet Inc.,709.8,3/4/16,12:30pm,995148
623,goog,Alphabet Inc.,709.51,3/4/16,12:31pm,995699
627,goog,Alphabet Inc.,709.92,3/4/16,12:32pm,1000384
631,goog,Alphabet Inc.,710.13,3/4/16,12:33pm,1004895
634,goog,Alphabet Inc.,709.56,3/4/16,12:34pm,1007129
638,goog,Alphabet Inc.,709.25,3/4/16,12:35pm,1009639
642,goog,Alphabet Inc.,709.02,3/4/16,12:36pm,1015697
648,goog,Alphabet Inc.,709,3/4/16,12:37pm,1021158
652,goog,Alphabet Inc.,709.41,3/4/16,12:38pm,1022338