1,msft,Microsoft Corporation,52.35,3/3/16,4:00pm,24429241
6,msft,Microsoft Corporation,52.33,3/4/16,9:30am,658942
12,msft,Microsoft Corporation,52.04,3/4/16,9:31am,914497
16,msft,Microsoft Corporation,52.11,3/4/16,9:32am,997245
21,msft,Microsoft Corporation,52.03,3/4/16,9:33am,1137121
25,msft,Microsoft Corporation,51.94,3/4/16,9:34am,1214513
31,msft,Microsoft Corporation,51.92,3/4/16,9:35am,1306516
36,msft,Microsoft Corporation,51.88,3/4/16,9:36am,1592901
41,msft,Microsoft Corporation,51.95,3/4/16,9:37am,1687888
45,msft,Microsoft Corporation,51.93,3/4/16,9:38am,1801526
50,msft,Microsoft Corporation,51.87,3/4/16,9:39am,1884028
55,msft,Microsoft Corporation,51.81,3/4/16,9:40am,2008268
60,msft,Microsoft Corporation,51.82,3/4/16,9:41am,2046446
65,msft,Microsoft Corporation,51.84,3/4/16,9:42am,2163522
69,msft,Microsoft Corporation,51.83,3/4/16,9:43am,2223993
73,msft,Microsoft Corporation,51.85,3/4/16,9:44am,2311993
78,msft,Microsoft Corporation,51.79,3/4/16,9:45am,2614128
82,msft,Microsoft Corporation,51.83,3/4/16,9:46am,2927180
87,msft,Microsoft Corporation,51.9,3/4/16,9:47am,3004208
90,msft,Microsoft Corporation,51.88,3/4/16,9:48am,3022943
95,msft,Microsoft Corporation,51.89,3/4/16,9:49am,3151649
99,msft,Microsoft Corporation,51.85,3/4/16,9:50am,3305104
103,msft,Microsoft Corporation,51.9,3/4/16,9:51am,3370979
108,msft,Microsoft Corporation,51.84,3/4/16,9:52am,3473175
112,msft,Microsoft Corporation,51.73,3/4/16,9:53am,3635532
117,msft,Microsoft Corporation,51.75,3/4/16,9:54am,3746279
122,msft,Microsoft Corporation,51.76,3/4/16,9:55am,3859604
126,msft,Microsoft Corporation,51.82,3/4/16,9:56am,3924195
131,msft,Microsoft Corporation,51.82,3/4/16,9:57am,3959863
136,msft,Microsoft Corporation,51.86,3/4/16,9:58am,4033362
141,msft,Microsoft Corporation,51.9,3/4/16,9:59am,4091985
146,msft,Microsoft Corporation,52.01,3/4/16,10:00am,4187292
150,msft,Microsoft Corporation,52.03,3/4/16,10:01am,4238519
154,msft,Microsoft Corporation,52,3/4/16,10:02am,4271069
158,msft,Microsoft Corporation,51.94,3/4/16,10:03am,4338089
162,msft,Microsoft Corporation,51.94,3/4/16,10:04am,4400829
166,msft,Microsoft Corporation,51.92,3/4/16,10:05am,4485428
172,msft,Microsoft Corporation,51.82,3/4/16,10:06am,4559122
177,msft,Microsoft Corporation,51.94,3/4/16,10:07am,4638966
182,msft,Microsoft Corporation,51.89,3/4/16,10:08am,4763218
186,msft,Microsoft Corporation,51.85,3/4/16,10:09am,4831226
191,msft,Microsoft Corporation,51.81,3/4/16,10:10am,4888151
196,msft,Microsoft Corporation,51.83,3/4/16,10:11am,4936019
200,msft,Microsoft Corporation,51.88,3/4/16,10:12am,4974235
205,msft,Microsoft Corporation,51.92,3/4/16,10:13am,5009934
210,msft,Microsoft Corporation,51.94,3/4/16,10:14am,5049830
215,msft,Microsoft Corporation,51.92,3/4/16,10:15am,5128642
220,msft,Microsoft Corporation,51.87,3/4/16,10:16am,5251656
225,msft,Microsoft Corporation,51.87,3/4/16,10:17am,5293330
232,msft,Microsoft Corporation,51.86,3/4/16,10:18am,5424109
234,msft,Microsoft Corporation,51.88,3/4/16,10:19am,5503002
238,msft,Microsoft Corporation,51.85,3/4/16,10:20am,5569591
242,msft,Microsoft Corporation,51.79,3/4/16,10:21am,5648893
247,msft,Microsoft Corporation,51.81,3/4/16,10:22am,5680145
252,msft,Microsoft Corporation,51.83,3/4/16,10:23am,5733154
256,msft,Microsoft Corporation,51.8,3/4/16,10:24am,5775102
260,msft,Microsoft Corporation,51.76,3/4/16,10:25am,5846753
264,msft,Microsoft Corporation,51.79,3/4/16,10:26am,5907972
268,msft,Microsoft Corporation,51.81,3/4/16,10:27am,5986435
272,msft,Microsoft Corporation,51.84,3/4/16,10:28am,6050988
276,msft,Microsoft Corporation,51.83,3/4/16,10:29am,6147876
280,msft,Microsoft Corporation,51.87,3/4/16,10:30am,6183427
284,msft,Microsoft Corporation,51.81,3/4/16,10:31am,6276926
288,msft,Microsoft Corporation,51.85,3/4/16,10:32am,6314411
293,msft,Microsoft Corporation,51.81,3/4/16,10:33am,6423203
297,msft,Microsoft Corporation,51.8,3/4/16,10:34am,6510839
303,msft,Microsoft Corporation,51.84,3/4/16,10:35am,6580950
308,msft,Microsoft Corporation,51.87,3/4/16,10:36am,6663688
312,msft,Microsoft Corporation,51.87,3/4/16,10:37am,6737570
317,msft,Microsoft Corporation,51.89,3/4/16,10:38am,6817531
322,msft,Microsoft Corporation,51.88,3/4/16,10:39am,6901755
327,msft,Microsoft Corporation,51.87,3/4/16,10:40am,7062560
331,msft,Microsoft Corporation,51.95,3/4/16,10:41am,7285002
335,msft,Microsoft Corporation,52,3/4/16,10:42am,7477555
339,msft,Microsoft Corporation,51.98,3/4/16,10:43am,7552324
343,msft,Microsoft Corporation,52.01,3/4/16,10:44am,7617769
347,msft,Microsoft Corporation,52.06,3/4/16,10:45am,7665146
352,msft,Microsoft Corporation,52.1,3/4/16,10:46am,7752757
357,msft,Microsoft Corporation,52.11,3/4/16,10:47am,7843060
362,msft,Microsoft Corporation,52.12,3/4/16,10:48am,7948538
366,msft,Microsoft Corporation,52.13,3/4/16,10:49am,7977805
370,msft,Microsoft Corporation,52.12,3/4/16,10:50am,8065581
374,msft,Microsoft Corporation,52.07,3/4/16,10:51am,8126904
379,msft,Microsoft Corporation,52.05,3/4/16,10:52am,8168589
386,msft,Microsoft Corporation,52.05,3/4/16,10:53am,8196037
389,msft,Microsoft Corporation,52.01,3/4/16,10:54am,8218058
397,msft,Microsoft Corporation,52.05,3/4/16,10:55am,8314574
398,msft,Microsoft Corporation,52.01,3/4/16,10:56am,8349843
402,msft,Microsoft Corporation,51.99,3/4/16,10:57am,8404160
406,msft,Microsoft Corporation,51.96,3/4/16,10:58am,8447295
410,msft,Microsoft Corporation,51.97,3/4/16,10:59am,8492038
415,msft,Microsoft Corporation,52.01,3/4/16,11:00am,8544473
419,msft,Microsoft Corporation,52.05,3/4/16,11:01am,8590402
424,msft,Microsoft Corporation,52.03,3/4/16,11:02am,8651678
428,msft,Microsoft Corporation,52.03,3/4/16,11:03am,8673813
433,msft,Microsoft Corporation,52.06,3/4/16,11:04am,8793600
437,msft,Microsoft Corporation,52.09,3/4/16,11:05am,8839488
441,msft,Microsoft Corporation,52.11,3/4/16,11:06am,8937663
445,msft,Microsoft Corporation,52.08,3/4/16,11:07am,9033422
450,msft,Microsoft Corporation,52.09,3/4/16,11:08am,9075591
453,msft,Microsoft Corporation,52.05,3/4/16,11:09am,9112660
457,msft,Microsoft Corporation,52.08,3/4/16,11:10am,9150170
462,msft,Microsoft Corporation,52.08,3/4/16,11:11am,9175572
465,msft,Microsoft Corporation,52.08,3/4/16,11:12am,9364340
468,msft,Microsoft Corporation,51.87,3/4/16,11:55am,13223880
475,msft,Microsoft Corporation,51.88,3/4/16,11:56am,13235805
477,msft,Microsoft Corporation,51.89,3/4/16,11:57am,13266056
481,msft,Microsoft Corporation,51.94,3/4/16,11:58am,13312458
486,msft,Microsoft Corporation,51.96,3/4/16,11:59am,13353126
491,msft,Microsoft Corporation,51.97,3/4/16,12:00pm,13395534
495,msft,Microsoft Corporation,51.95,3/4/16,12:01pm,13422298
500,msft,Microsoft Corporation,51.94,3/4/16,12:02pm,13452412
504,msft,Microsoft Corporation,51.97,3/4/16,12:03pm,13522998
508,msft,Microsoft Corporation,51.96,3/4/16,12:04pm,13540739
512,msft,Microsoft Corporation,52,3/4/16,12:05pm,13564121
517,msft,Microsoft Corporation,52,3/4/16,12:06pm,13768587
523,msft,Microsoft Corporation,52.01,3/4/16,12:07pm,13793499
526,msft,Microsoft Corporation,51.97,3/4/16,12:08pm,13836991
532,msft,Microsoft Corporation,52,3/4/16,12:09pm,13880380
534,msft,Microsoft Corporation,52.02,3/4/16,12:10pm,13932369
539,msft,Microsoft Corporation,52.05,3/4/16,12:11pm,13970784
543,msft,Microsoft Corporation,52.03,3/4/16,12:12pm,14085769
547,msft,Microsoft Corporation,52.06,3/4/16,12:13pm,14150604
552,msft,Microsoft Corporation,52.04,3/4/16,12:14pm,14206824
557,msft,Microsoft Corporation,52,3/4/16,12:15pm,14257578
561,msft,Microsoft Corporation,51.99,3/4/16,12:16pm,14366469
565,msft,Microsoft Corporation,51.98,3/4/16,12:17pm,14446630
569,msft,Microsoft Corporation,51.95,3/4/16,12:18pm,14508645
574,msft,Microsoft Corporation,51.95,3/4/16,12:19pm,14526460
578,msft,Microsoft Corporation,51.94,3/4/16,12:20pm,14537822
582,msft,Microsoft Corporation,51.91,3/4/16,12:21pm,14614752
586,msft,Microsoft Corporation,51.95,3/4/16,12:22pm,14690140
589,msft,Microsoft Corporation,51.94,3/4/16,12:23pm,14710687
593,msft,Microsoft Corporation,51.92,3/4/16,12:24pm,14727116
597,msft,Microsoft Corporation,51.91,3/4/16,12:25pm,14750257
603,msft,Microsoft Corporation,51.93,3/4/16,12:26pm,14803104
605,msft,Microsoft Corporation,51.92,3/4/16,12:27pm,14828303
609,msft,Microsoft Corporation,51.96,3/4/16,12:28pm,14854307
612,msft,Microsoft Corporation,51.95,3/4/16,12:29pm,14883239
617,msft,Microsoft Corporation,51.94,3/4/16,12:30pm,14913967
620,msft,Microsoft Corporation,51.95,3/4/16,12:31pm,14930367
624,msft,Microsoft Corporation,51.97,3/4/16,12:32pm,14985401
628,msft,Microsoft Corporation,51.95,3/4/16,12:33pm,15006251
632,msft,Microsoft Corporation,51.96,3/4/16,12:34pm,15039573
636,msft,Microsoft Corporation,51.95,3/4/16,12:35pm,15073303
640,msft,Microsoft Corporation,51.93,3/4/16,12:36pm,15181668
645,msft,Microsoft Corporation,51.95,3/4/16,12:37pm,15209576
650,msft,Microsoft Corporation,51.91,3/4/16,12:38pm,15247873
654,msft,Microsoft Corporation,51.89,3/4/16,12:39pm,15307411