"1","msft","2016-03-03","52.97","52.97","51.78","52.35","24418100"
"2","msft","2016-03-02","52.41","52.96","52.16","52.95","29049200"
"3","msft","2016-03-01","50.97","52.59","50.92","52.58","32778500"
"4","msft","2016-02-29","51.35","51.65","50.66","50.88","31247100"
"5","msft","2016-02-26","52.60","52.68","51.10","51.30","35869200"
"6","msft","2016-02-25","51.73","52.10","50.61","52.10","26695900"
"7","msft","2016-02-24","50.69","51.50","50.20","51.36","32076000"
"8","msft","2016-02-23","52.34","52.37","50.98","51.18","28390800"
"9","msft","2016-02-22","52.28","53.00","52.28","52.65","24854400"
"10","msft","2016-02-19","51.97","52.28","51.53","51.82","33275400"
"11","msft","2016-02-18","52.33","52.95","52.10","52.19","26244700"
"12","msft","2016-02-17","51.49","52.77","51.45","52.42","39670300"
"13","msft","2016-02-16","50.90","51.09","50.13","51.09","35937100"
"14","msft","2016-02-12","50.25","50.68","49.75","50.50","34243300"
"15","msft","2016-02-11","48.68","50.11","48.51","49.69","48878600"
"16","msft","2016-02-10","49.89","50.39","49.52","49.71","38237000"
"17","msft","2016-02-09","49.02","50.24","48.67","49.28","46740500"
"18","msft","2016-02-08","49.55","49.57","48.19","49.41","59290500"
"19","msft","2016-02-05","51.94","52.00","49.56","50.16","62009000"
"20","msft","2016-02-04","52.10","52.81","51.37","52.00","46987100"
"21","msft","2016-02-03","53.25","53.39","51.26","52.16","57559800"
"22","msft","2016-02-02","54.17","54.26","52.65","53.00","56313800"
"23","msft","2016-02-01","54.88","55.09","54.50","54.71","44208500"
"24","msft","2016-01-29","54.73","55.09","54.00","55.09","83611700"
"25","msft","2016-01-28","51.86","52.21","51.25","52.06","62513800"
"26","msft","2016-01-27","52.01","52.20","51.02","51.22","36775200"
"27","msft","2016-01-26","51.79","52.44","51.55","52.17","28900800"
"28","msft","2016-01-25","51.94","52.65","51.65","51.79","34707700"
"29","msft","2016-01-22","51.41","52.33","51.26","52.29","37555800"
"30","msft","2016-01-21","51.00","51.58","50.30","50.48","40191200"
"31","msft","2016-01-20","49.98","51.38","49.10","50.79","63273000"
"32","msft","2016-01-19","51.48","51.68","50.06","50.56","43564500"
"33","msft","2016-01-15","51.31","51.97","50.34","50.99","71820700"
"34","msft","2016-01-14","52.00","53.42","51.57","53.11","52381900"
"35","msft","2016-01-13","53.80","54.07","51.30","51.64","66883600"
"36","msft","2016-01-12","52.76","53.10","52.06","52.78","36095500"
"37","msft","2016-01-11","52.51","52.85","51.46","52.30","36943800"
"38","msft","2016-01-08","52.37","53.28","52.15","52.33","48754000"
"39","msft","2016-01-07","52.70","53.49","52.07","52.17","56564900"
"40","msft","2016-01-06","54.32","54.40","53.64","54.05","39518900"
"41","msft","2016-01-05","54.93","55.39","54.54","55.05","34079700"
"42","msft","2016-01-04","54.32","54.80","53.39","54.80","53778000"
"43","msft","2015-12-31","56.04","56.19","55.42","55.48","27334100"
"44","msft","2015-12-30","56.47","56.78","56.29","56.31","21704500"
"45","msft","2015-12-29","56.29","56.85","56.06","56.55","27731400"
"46","msft","2015-12-28","55.35","55.95","54.98","55.95","22458300"
"47","msft","2015-12-24","55.86","55.96","55.43","55.67","9570000"
"48","msft","2015-12-23","55.70","55.88","55.44","55.82","27279800"
"49","msft","2015-12-22","54.99","55.48","54.50","55.35","28322200"
"50","msft","2015-12-21","54.88","55.35","54.23","54.83","37246300"
"51","msft","2015-12-18","55.77","56.00","54.03","54.13","84684200"
"52","msft","2015-12-17","56.36","56.79","55.53","55.70","41280900"
"53","msft","2015-12-16","55.54","56.25","54.76","56.13","37503300"
"54","msft","2015-12-15","55.66","55.90","55.09","55.20","39459000"
"55","msft","2015-12-14","54.33","55.21","53.68","55.14","46768900"
"56","msft","2015-12-11","54.71","55.10","54.01","54.06","39549500"
"57","msft","2015-12-10","55.39","55.66","55.01","55.27","31775800"
"58","msft","2015-12-09","55.37","55.87","54.51","54.98","36373200"
"59","msft","2015-12-08","55.47","56.10","54.99","55.79","32878000"
"60","msft","2015-12-07","55.79","55.97","55.29","55.81","30709800"
"61","msft","2015-12-04","54.12","56.23","54.10","55.91","43963700"
"62","msft","2015-12-03","55.49","55.77","53.93","54.20","38627800"
"63","msft","2015-12-02","55.32","55.96","55.06","55.21","47274900"
"64","msft","2015-12-01","54.41","55.23","54.30","55.22","39952800"
"65","msft","2015-11-30","54.54","54.96","54.00","54.35","56241400"
"66","msft","2015-11-27","53.80","54.08","53.79","53.93","9009100"
"67","msft","2015-11-25","54.09","54.23","53.69","53.69","21005100"
"68","msft","2015-11-24","53.92","54.44","53.58","54.25","24600000"
"69","msft","2015-11-23","54.25","54.46","53.75","54.19","28235900"
"70","msft","2015-11-20","54.25","54.30","53.27","54.19","37147600"
"71","msft","2015-11-19","53.99","54.66","53.78","53.94","28149200"
"72","msft","2015-11-18","53.00","53.98","52.98","53.85","29710000"
"73","msft","2015-11-17","53.17","53.53","52.85","52.97","31551300"
"74","msft","2015-11-16","53.08","53.89","52.85","53.77","32165200"
"75","msft","2015-11-13","53.07","53.29","52.53","52.84","36848200"
"76","msft","2015-11-12","53.48","53.98","53.19","53.32","35361100"
"77","msft","2015-11-11","53.70","54.20","53.46","53.65","36516300"
"78","msft","2015-11-10","54.07","54.13","53.27","53.51","55283700"
"79","msft","2015-11-09","54.55","54.87","53.56","54.16","32513100"
"80","msft","2015-11-06","54.09","54.98","53.96","54.92","32851200"
"81","msft","2015-11-05","54.49","54.70","54.00","54.38","31468500"
"82","msft","2015-11-04","54.18","54.88","54.06","54.40","37087800"
"83","msft","2015-11-03","52.93","54.39","52.90","54.15","36596900"
"84","msft","2015-11-02","52.85","53.36","52.62","53.24","30285000"
"85","msft","2015-10-30","53.32","53.99","52.62","52.64","46619800"
"86","msft","2015-10-29","53.54","53.83","53.22","53.36","30202100"
"87","msft","2015-10-28","53.54","53.98","52.86","53.98","47000800"
"88","msft","2015-10-27","53.99","54.37","53.58","53.69","50999900"
"89","msft","2015-10-26","52.53","54.32","52.50","54.25","64633300"
"90","msft","2015-10-23","52.30","54.07","52.25","52.87","135227100"
"91","msft","2015-10-22","47.53","48.95","47.09","48.03","56637100"
"92","msft","2015-10-21","47.92","47.99","47.11","47.20","25144300"
"93","msft","2015-10-20","47.44","47.81","47.02","47.77","30802200"
"94","msft","2015-10-19","47.42","47.88","47.02","47.62","29387600"
"95","msft","2015-10-16","47.02","47.54","46.90","47.51","25779300"
"96","msft","2015-10-15","47.01","47.03","46.53","47.01","27189400"
"97","msft","2015-10-14","46.65","47.10","46.53","46.68","24697800"
"98","msft","2015-10-13","46.56","47.13","46.56","46.89","19987800"
"99","msft","2015-10-12","46.98","47.07","46.50","47.00","19769100"
"100","msft","2015-10-09","47.45","47.54","46.92","47.11","28600600"
"101","msft","2015-10-08","46.56","47.52","46.50","47.45","33772700"
"102","msft","2015-10-07","47.10","47.35","45.95","46.80","27711500"
"103","msft","2015-10-06","46.33","47.18","46.22","46.75","27510800"
"104","msft","2015-10-05","45.75","46.89","45.70","46.63","34369300"
"105","msft","2015-10-02","44.27","45.57","43.92","45.57","41839000"
"106","msft","2015-10-01","44.75","44.75","43.75","44.61","28657900"
"107","msft","2015-09-30","43.88","44.30","43.66","44.26","34958900"
"108","msft","2015-09-29","43.37","43.57","43.05","43.44","32763600"
"109","msft","2015-09-28","43.83","44.09","43.21","43.29","27613800"
"110","msft","2015-09-25","44.48","44.73","43.76","43.94","29384600"
"111","msft","2015-09-24","43.45","44.13","43.27","43.91","27905600"
"112","msft","2015-09-23","43.93","44.17","43.51","43.87","17145200"
"113","msft","2015-09-22","43.38","44.05","43.31","43.90","28085900"
"114","msft","2015-09-21","43.62","44.47","43.60","44.11","26177200"
"115","msft","2015-09-18","43.50","43.99","43.33","43.48","63143700"
"116","msft","2015-09-17","44.29","45.00","44.08","44.25","32768200"
"117","msft","2015-09-16","43.97","44.38","43.84","44.30","23372200"
"118","msft","2015-09-15","43.19","44.29","43.08","43.98","28882200"
"119","msft","2015-09-14","43.43","43.44","42.86","43.04","23656000"
"120","msft","2015-09-11","43.14","43.59","42.94","43.48","27132500"
"121","msft","2015-09-10","43.12","43.79","42.75","43.29","31366600"
"122","msft","2015-09-09","44.21","44.40","42.91","43.07","33469500"
"123","msft","2015-09-08","43.30","44.00","43.20","43.89","32469800"
"124","msft","2015-09-04","42.81","43.04","42.20","42.61","37138800"
"125","msft","2015-09-03","43.41","43.98","43.28","43.50","28285200"
"126","msft","2015-09-02","42.36","43.38","41.88","43.36","37671500"
"127","msft","2015-09-01","42.17","42.59","41.66","41.82","49688900"
"128","msft","2015-08-31","43.56","43.93","43.10","43.52","34441700"
"129","msft","2015-08-28","43.40","44.15","43.39","43.93","28246700"
"130","msft","2015-08-27","43.23","43.95","42.93","43.90","50943200"
"131","msft","2015-08-26","42.01","42.84","41.06","42.71","63408000"
"132","msft","2015-08-25","42.57","43.24","40.39","40.47","70616600"
"133","msft","2015-08-24","40.45","42.69","39.72","41.68","88753700"
"134","msft","2015-08-21","45.30","45.48","43.07","43.07","70053100"
"135","msft","2015-08-20","46.07","46.47","45.66","45.66","36238200"
"136","msft","2015-08-19","46.78","47.08","46.30","46.61","31485500"
"137","msft","2015-08-18","46.84","47.43","46.70","47.27","23574100"
"138","msft","2015-08-17","46.81","47.45","46.57","47.32","21099700"
"139","msft","2015-08-14","46.53","47.10","46.52","47.00","21473400"
"140","msft","2015-08-13","47.06","47.10","46.49","46.73","22627200"
"141","msft","2015-08-12","46.19","46.90","45.71","46.74","30181400"
"142","msft","2015-08-11","46.82","46.94","45.90","46.41","29237400"
"143","msft","2015-08-10","46.95","47.49","46.84","47.33","23079900"
"144","msft","2015-08-07","46.39","46.78","46.26","46.74","19163000"
"145","msft","2015-08-06","47.71","47.77","46.33","46.62","27368000"
"146","msft","2015-08-05","47.98","48.41","47.54","47.58","26959700"
"147","msft","2015-08-04","46.75","47.71","46.68","47.54","33403900"
"148","msft","2015-08-03","46.98","47.00","46.45","46.81","24125900"
"149","msft","2015-07-31","47.29","47.37","46.50","46.70","31201500"
"150","msft","2015-07-30","46.26","47.40","45.93","46.88","39777900"
"151","msft","2015-07-29","45.40","46.78","45.26","46.29","40945900"
"152","msft","2015-07-28","45.58","45.64","44.79","45.34","34328900"
"153","msft","2015-07-27","45.94","46.01","45.25","45.35","39701400"
"154","msft","2015-07-24","45.91","46.32","45.80","45.94","32333200"
"155","msft","2015-07-23","45.27","46.23","45.10","46.11","33934000"
"156","msft","2015-07-22","45.44","46.93","45.20","45.54","59152400"
"157","msft","2015-07-21","46.78","47.33","46.48","47.28","42781900"
"158","msft","2015-07-20","46.65","47.13","46.44","46.92","30631900"
"159","msft","2015-07-17","46.55","46.78","46.26","46.62","29467100"
"160","msft","2015-07-16","46.01","46.69","45.97","46.66","26271700"
"161","msft","2015-07-15","45.68","45.89","45.43","45.76","26629600"
"162","msft","2015-07-14","45.45","45.96","45.31","45.62","22880300"
"163","msft","2015-07-13","44.98","45.62","44.95","45.54","28178300"
"164","msft","2015-07-10","45.01","45.14","44.57","44.61","25465800"
"165","msft","2015-07-09","44.75","45.22","44.50","44.52","32424700"
"166","msft","2015-07-08","44.44","44.90","44.03","44.24","39785900"
"167","msft","2015-07-07","44.34","44.49","43.32","44.30","36435800"
"168","msft","2015-07-06","43.96","44.48","43.95","44.39","23034000"
"169","msft","2015-07-02","44.48","44.75","44.06","44.40","21752000"
"170","msft","2015-07-01","44.46","45.23","44.10","44.45","28343900"
"171","msft","2015-06-30","44.71","44.72","43.94","44.15","35945400"
"172","msft","2015-06-29","45.04","45.23","44.36","44.37","34081700"
"173","msft","2015-06-26","45.65","46.28","45.03","45.26","49835300"
"174","msft","2015-06-25","46.03","46.06","45.50","45.65","20616000"
"175","msft","2015-06-24","45.67","46.25","45.55","45.64","34890900"
"176","msft","2015-06-23","46.13","46.28","45.62","45.91","25896500"
"177","msft","2015-06-22","46.33","46.72","46.16","46.23","20318100"
"178","msft","2015-06-19","46.79","46.83","45.99","46.10","63837000"
"179","msft","2015-06-18","46.22","46.80","46.17","46.72","32658300"
"180","msft","2015-06-17","45.73","46.07","45.36","45.97","28704100"
"181","msft","2015-06-16","45.35","46.24","45.30","45.83","27070300"
"182","msft","2015-06-15","45.45","45.65","45.02","45.48","33254500"
"183","msft","2015-06-12","46.22","46.47","45.90","45.97","23931000"
"184","msft","2015-06-11","46.66","46.92","46.13","46.44","27347800"
"185","msft","2015-06-10","45.79","46.83","45.69","46.61","28417400"
"186","msft","2015-06-09","45.76","45.94","45.46","45.65","24406100"
"187","msft","2015-06-08","46.30","46.43","45.67","45.73","22121600"
"188","msft","2015-06-05","46.31","46.52","45.84","46.14","25438100"
"189","msft","2015-06-04","46.79","47.16","46.20","46.36","27745500"
"190","msft","2015-06-03","47.37","47.74","46.82","46.85","28002200"
"191","msft","2015-06-02","46.93","47.35","46.62","46.92","21498300"
"192","msft","2015-06-01","47.06","47.77","46.62","47.23","28837300"
"193","msft","2015-05-29","47.43","47.57","46.59","46.86","36519600"
"194","msft","2015-05-28","47.50","48.02","47.39","47.45","19283700"
"195","msft","2015-05-27","46.82","47.77","46.62","47.61","27335600"
"196","msft","2015-05-26","46.83","46.88","46.19","46.59","29581900"
"197","msft","2015-05-22","47.30","47.35","46.82","46.90","25720600"
"198","msft","2015-05-21","47.28","47.60","47.01","47.42","22410700"
"199","msft","2015-05-20","47.39","47.93","47.27","47.58","25047900"
"200","msft","2015-05-19","47.56","47.81","47.18","47.58","28574800"
"201","msft","2015-05-18","47.98","48.22","47.61","48.01","24136500"
"202","msft","2015-05-15","48.87","48.91","48.05","48.30","28642700"
"203","msft","2015-05-14","48.03","48.82","48.03","48.72","32980900"
"204","msft","2015-05-13","48.19","48.32","47.57","47.63","34184600"
"205","msft","2015-05-12","46.85","47.68","46.42","47.35","29928300"
"206","msft","2015-05-11","47.55","47.91","47.37","47.37","24609400"
"207","msft","2015-05-08","47.55","47.98","47.52","47.75","35364900"
"208","msft","2015-05-07","46.27","47.09","46.16","46.70","32971700"
"209","msft","2015-05-06","47.57","47.77","46.02","46.28","52433000"
"210","msft","2015-05-05","47.82","48.16","47.31","47.60","50369200"
"211","msft","2015-05-04","48.37","48.87","48.18","48.24","34039500"
"212","msft","2015-05-01","48.58","48.88","48.40","48.66","38937300"
"213","msft","2015-04-30","48.70","49.54","48.60","48.64","64725500"
"214","msft","2015-04-29","48.72","49.31","48.50","49.06","47804600"
"215","msft","2015-04-28","47.78","49.21","47.70","49.16","60730800"
"216","msft","2015-04-27","47.23","48.13","47.22","48.03","59248200"
"217","msft","2015-04-24","45.66","48.14","45.65","47.87","130933700"
"218","msft","2015-04-23","42.89","43.61","42.80","43.34","46309500"
"219","msft","2015-04-22","42.67","43.13","42.55","42.99","25064300"
"220","msft","2015-04-21","43.00","43.15","42.53","42.64","26013800"
"221","msft","2015-04-20","41.73","43.17","41.68","42.91","46057700"
"222","msft","2015-04-17","41.67","41.74","41.16","41.62","42387600"
"223","msft","2015-04-16","41.95","42.34","41.82","42.16","22509700"
"224","msft","2015-04-15","41.76","42.46","41.68","42.26","27343600"
"225","msft","2015-04-14","41.80","42.03","41.39","41.65","24244400"
"226","msft","2015-04-13","41.40","42.06","41.39","41.76","30276700"
"227","msft","2015-04-10","41.63","41.95","41.41","41.72","28022000"
"228","msft","2015-04-09","41.25","41.62","41.25","41.48","25723900"
"229","msft","2015-04-08","41.46","41.69","41.04","41.42","24753400"
"230","msft","2015-04-07","41.61","41.91","41.31","41.53","28809400"
"231","msft","2015-04-06","40.34","41.78","40.18","41.55","39223700"
"232","msft","2015-04-02","40.66","40.74","40.12","40.29","37487500"
"233","msft","2015-04-01","40.60","40.76","40.31","40.72","36865300"
"234","msft","2015-03-31","40.78","41.03","40.54","40.66","34887200"
"235","msft","2015-03-30","41.10","41.54","40.91","40.96","35049700"
"236","msft","2015-03-27","41.12","41.43","40.83","40.97","34401400"
"237","msft","2015-03-26","41.22","41.61","40.92","41.21","37495600"
"238","msft","2015-03-25","42.92","42.93","41.44","41.46","43469900"
"239","msft","2015-03-24","42.78","43.17","42.75","42.90","25513300"
"240","msft","2015-03-23","42.88","43.13","42.78","42.86","26246100"
"241","msft","2015-03-20","42.56","42.98","42.49","42.88","71904500"
"242","msft","2015-03-19","42.26","42.59","42.22","42.29","33879100"
"243","msft","2015-03-18","41.43","42.83","41.33","42.50","44194800"
"244","msft","2015-03-17","41.37","41.83","41.15","41.70","31673400"
"245","msft","2015-03-16","41.47","41.64","41.28","41.56","35273500"
"246","msft","2015-03-13","40.70","41.47","40.61","41.38","58007700"
"247","msft","2015-03-12","41.33","41.65","40.86","41.02","59992500"
"248","msft","2015-03-11","42.31","42.37","41.84","41.98","32215300"
"249","msft","2015-03-10","42.35","42.71","42.03","42.03","39159700"
"250","msft","2015-03-09","42.19","43.13","42.19","42.85","32108000"
"251","msft","2015-03-06","43.00","43.11","42.15","42.36","36248800"
"252","msft","2015-03-05","43.07","43.24","42.82","43.11","23193500"
"253","msft","2015-03-04","43.01","43.21","42.88","43.06","25748700"
"254","yhoo","2016-03-03","32.71","33.21","32.42","32.88","11355600"
"255","yhoo","2016-03-02","32.81","33.24","32.77","32.91","10458600"
"256","yhoo","2016-03-01","32.04","32.85","32.04","32.80","14833600"
"257","yhoo","2016-02-29","31.31","32.46","31.31","31.79","19208700"
"258","yhoo","2016-02-26","31.68","31.90","31.22","31.37","16680200"
"259","yhoo","2016-02-25","30.74","31.36","30.24","31.36","19842300"
"260","yhoo","2016-02-24","30.41","31.12","29.80","30.95","12612000"
"261","yhoo","2016-02-23","31.20","31.38","30.51","30.67","16847500"
"262","yhoo","2016-02-22","30.65","31.21","30.39","31.17","21455300"
"263","yhoo","2016-02-19","30.19","30.23","29.70","30.04","20706100"
"264","yhoo","2016-02-18","29.56","30.14","29.39","29.42","15259400"
"265","yhoo","2016-02-17","29.47","29.66","29.06","29.37","12891600"
"266","yhoo","2016-02-16","27.98","29.44","27.94","29.28","20127300"
"267","yhoo","2016-02-12","27.12","27.32","26.72","27.04","12986200"
"268","yhoo","2016-02-11","26.46","26.97","26.15","26.76","11154900"
"269","yhoo","2016-02-10","27.11","27.81","26.84","27.10","8933600"
"270","yhoo","2016-02-09","26.64","27.69","26.51","26.82","13919100"
"271","yhoo","2016-02-08","27.61","27.97","26.48","27.05","24473600"
"272","yhoo","2016-02-05","29.06","29.14","27.73","27.97","16077500"
"273","yhoo","2016-02-04","27.91","29.23","27.71","29.15","28517000"
"274","yhoo","2016-02-03","28.45","28.61","26.57","27.68","55527600"
"275","yhoo","2016-02-02","29.32","30.23","28.13","29.06","34022500"
"276","yhoo","2016-02-01","29.27","29.79","28.79","29.57","12865800"
"277","yhoo","2016-01-29","29.10","29.51","28.51","29.51","18718300"
"278","yhoo","2016-01-28","30.59","30.63","28.60","28.75","15420500"
"279","yhoo","2016-01-27","29.90","30.53","29.45","29.69","13269900"
"280","yhoo","2016-01-26","29.76","30.19","29.62","29.98","11422600"
"281","yhoo","2016-01-25","29.96","30.39","29.66","29.78","23095500"
"282","yhoo","2016-01-22","29.97","30.52","29.31","29.75","16272100"
"283","yhoo","2016-01-21","28.75","29.80","28.19","29.31","16073900"
"284","yhoo","2016-01-20","28.98","29.11","27.44","28.78","20455100"
"285","yhoo","2016-01-19","29.84","30.00","29.31","29.74","20036400"
"286","yhoo","2016-01-15","29.28","29.77","28.59","29.14","17352000"
"287","yhoo","2016-01-14","29.69","30.57","28.71","30.32","14995700"
"288","yhoo","2016-01-13","30.89","31.17","29.33","29.44","16593700"
"289","yhoo","2016-01-12","30.58","30.97","30.21","30.69","12635300"
"290","yhoo","2016-01-11","30.65","30.75","29.74","30.17","16676500"
"291","yhoo","2016-01-08","30.51","31.54","30.00","30.63","26299600"
"292","yhoo","2016-01-07","30.97","31.19","30.02","30.16","20495000"
"293","yhoo","2016-01-06","31.67","32.46","31.60","32.16","16026500"
"294","yhoo","2016-01-05","31.55","32.33","31.53","32.20","14294000"
"295","yhoo","2016-01-04","32.12","32.35","31.14","31.40","25176200"
"296","yhoo","2015-12-31","33.22","33.69","33.18","33.26","7396000"
"297","yhoo","2015-12-30","33.85","34.04","33.35","33.37","5933500"
"298","yhoo","2015-12-29","33.63","34.17","33.60","34.04","12573500"
"299","yhoo","2015-12-28","33.90","33.91","33.35","33.60","10869100"
"300","yhoo","2015-12-24","34.19","34.74","34.10","34.11","3468900"
"301","yhoo","2015-12-23","34.24","34.58","33.99","34.45","13448700"
"302","yhoo","2015-12-22","32.99","34.21","32.97","34.19","15521100"
"303","yhoo","2015-12-21","33.12","33.30","32.69","32.97","9065600"
"304","yhoo","2015-12-18","33.10","33.63","32.87","32.95","16414800"
"305","yhoo","2015-12-17","33.81","34.08","33.11","33.23","12708500"
"306","yhoo","2015-12-16","33.15","33.88","32.91","33.78","12592400"
"307","yhoo","2015-12-15","32.53","33.39","32.50","33.03","16140900"
"308","yhoo","2015-12-14","32.94","33.27","32.21","32.59","15949600"
"309","yhoo","2015-12-11","34.01","34.15","32.82","32.91","14877600"
"310","yhoo","2015-12-10","34.49","34.73","33.91","34.63","16128800"
"311","yhoo","2015-12-09","35.80","35.84","33.15","34.40","44643600"
"312","yhoo","2015-12-08","34.24","34.98","34.03","34.85","18513200"
"313","yhoo","2015-12-07","34.76","34.92","34.47","34.68","12029700"
"314","yhoo","2015-12-04","34.34","35.20","34.18","34.91","15502700"
"315","yhoo","2015-12-03","35.59","35.72","34.10","34.34","17068000"
"316","yhoo","2015-12-02","35.00","36.39","34.77","35.65","56614000"
"317","yhoo","2015-12-01","33.87","33.89","33.47","33.71","10862500"
"318","yhoo","2015-11-30","33.03","33.83","32.85","33.81","17363600"
"319","yhoo","2015-11-27","32.79","33.09","32.44","32.94","5313400"
"320","yhoo","2015-11-25","32.77","33.52","32.75","33.16","13257200"
"321","yhoo","2015-11-24","33.09","33.19","32.61","32.96","13364700"
"322","yhoo","2015-11-23","33.00","33.87","32.87","33.36","11899700"
"323","yhoo","2015-11-20","32.86","33.30","32.69","33.11","12498500"
"324","yhoo","2015-11-19","33.21","33.50","32.58","32.63","14222100"
"325","yhoo","2015-11-18","32.89","33.02","32.32","32.98","11105600"
"326","yhoo","2015-11-17","33.01","33.12","32.62","32.86","10270400"
"327","yhoo","2015-11-16","32.23","32.99","32.12","32.95","11087800"
"328","yhoo","2015-11-13","32.78","33.04","32.17","32.19","11063300"
"329","yhoo","2015-11-12","33.20","33.85","33.13","33.23","14273100"
"330","yhoo","2015-11-11","34.21","34.23","33.03","33.38","11804100"
"331","yhoo","2015-11-10","33.45","34.13","33.26","33.99","11511000"
"332","yhoo","2015-11-09","34.07","34.08","33.08","33.68","13645500"
"333","yhoo","2015-11-06","34.94","35.20","33.46","34.20","16608600"
"334","yhoo","2015-11-05","35.02","35.30","34.16","35.12","15679100"
"335","yhoo","2015-11-04","34.89","35.24","34.75","35.07","17501800"
"336","yhoo","2015-11-03","35.15","35.34","34.65","34.72","12394300"
"337","yhoo","2015-11-02","35.46","35.48","35.07","35.27","15206700"
"338","yhoo","2015-10-30","35.14","35.70","35.05","35.62","17418900"
"339","yhoo","2015-10-29","34.87","35.15","34.70","35.05","10796200"
"340","yhoo","2015-10-28","34.30","35.27","34.30","35.19","15174300"
"341","yhoo","2015-10-27","34.97","35.47","33.88","34.30","26380900"
"342","yhoo","2015-10-26","33.13","33.49","33.00","33.40","15810300"
"343","yhoo","2015-10-23","32.65","33.36","32.24","33.17","24308600"
"344","yhoo","2015-10-22","31.26","31.90","31.21","31.67","18501200"
"345","yhoo","2015-10-21","32.06","32.43","31.01","31.12","30390400"
"346","yhoo","2015-10-20","33.49","33.59","32.77","32.83","19349200"
"347","yhoo","2015-10-19","33.26","33.63","33.18","33.50","10856500"
"348","yhoo","2015-10-16","33.64","33.86","33.16","33.37","12209300"
"349","yhoo","2015-10-15","32.42","33.49","32.40","33.48","19403800"
"350","yhoo","2015-10-14","32.28","32.49","31.77","32.09","11282800"
"351","yhoo","2015-10-13","32.56","32.83","32.32","32.34","15873800"
"352","yhoo","2015-10-12","32.71","33.02","32.55","32.86","12580300"
"353","yhoo","2015-10-09","32.35","32.69","31.99","32.52","11830400"
"354","yhoo","2015-10-08","31.79","32.50","31.73","32.37","14245400"
"355","yhoo","2015-10-07","31.31","31.99","31.21","31.87","12224800"
"356","yhoo","2015-10-06","30.79","31.19","30.66","30.96","10963900"
"357","yhoo","2015-10-05","30.80","31.20","30.35","30.85","12883300"
"358","yhoo","2015-10-02","28.62","30.71","28.43","30.71","29250500"
"359","yhoo","2015-10-01","28.95","29.00","28.44","28.91","14467600"
"360","yhoo","2015-09-30","28.65","29.11","28.49","28.91","18317900"
"361","yhoo","2015-09-29","28.58","29.23","27.85","28.26","41895400"
"362","yhoo","2015-09-28","29.03","29.22","27.20","27.60","49541300"
"363","yhoo","2015-09-25","29.66","29.71","28.91","29.13","12817500"
"364","yhoo","2015-09-24","29.47","29.57","28.85","29.34","19109900"
"365","yhoo","2015-09-23","30.56","30.57","29.63","29.74","12755400"
"366","yhoo","2015-09-22","30.78","30.92","30.17","30.40","15614900"
"367","yhoo","2015-09-21","31.20","31.74","30.88","31.17","18745000"
"368","yhoo","2015-09-18","30.51","30.80","30.41","30.74","20538300"
"369","yhoo","2015-09-17","31.31","31.33","30.81","30.93","17094200"
"370","yhoo","2015-09-16","31.14","31.77","30.99","31.40","22179700"
"371","yhoo","2015-09-15","29.72","31.23","29.41","31.04","25661600"
"372","yhoo","2015-09-14","30.68","30.92","30.00","30.32","22186900"
"373","yhoo","2015-09-11","31.09","31.43","30.63","31.43","14365400"
"374","yhoo","2015-09-10","31.35","31.59","31.03","31.15","14330900"
"375","yhoo","2015-09-09","30.40","31.80","30.35","31.52","47058500"
"376","yhoo","2015-09-08","32.20","32.83","30.86","30.90","26873900"
"377","yhoo","2015-09-04","32.00","32.29","31.44","31.58","13854100"
"378","yhoo","2015-09-03","31.86","32.74","31.80","32.54","13748900"
"379","yhoo","2015-09-02","32.01","32.03","31.38","31.77","15688100"
"380","yhoo","2015-09-01","31.49","32.10","31.23","31.60","19903500"
"381","yhoo","2015-08-31","32.91","32.99","32.23","32.24","13609000"
"382","yhoo","2015-08-28","33.32","33.57","32.93","33.14","9366100"
"383","yhoo","2015-08-27","33.36","33.77","32.95","33.69","19105100"
"384","yhoo","2015-08-26","32.46","32.62","31.11","32.52","25414500"
"385","yhoo","2015-08-25","32.98","33.03","31.54","31.74","15752300"
"386","yhoo","2015-08-24","29.02","32.28","29.00","31.31","23163400"
"387","yhoo","2015-08-21","33.58","34.02","32.91","32.93","18373600"
"388","yhoo","2015-08-20","34.77","34.95","33.87","34.10","15604400"
"389","yhoo","2015-08-19","35.67","35.67","35.03","35.19","8976700"
"390","yhoo","2015-08-18","35.78","36.19","35.60","35.69","11445300"
"391","yhoo","2015-08-17","36.24","36.24","35.77","36.10","7933600"
"392","yhoo","2015-08-14","35.82","36.35","35.72","36.24","12241100"
"393","yhoo","2015-08-13","35.08","36.61","34.82","35.93","28987700"
"394","yhoo","2015-08-12","34.29","34.77","33.85","34.49","31405700"
"395","yhoo","2015-08-11","36.74","36.77","35.73","36.03","13833200"
"396","yhoo","2015-08-10","36.87","37.69","36.87","37.15","11351400"
"397","yhoo","2015-08-07","36.52","36.76","36.15","36.67","11845500"
"398","yhoo","2015-08-06","37.34","37.52","36.30","36.46","12299700"
"399","yhoo","2015-08-05","37.32","37.71","37.23","37.25","6844000"
"400","yhoo","2015-08-04","36.61","37.21","36.60","37.12","9051900"
"401","yhoo","2015-08-03","36.67","36.98","36.37","36.69","9887300"
"402","yhoo","2015-07-31","37.56","37.57","36.62","36.67","15446100"
"403","yhoo","2015-07-30","37.50","37.69","37.30","37.42","9542700"
"404","yhoo","2015-07-29","37.92","37.92","37.38","37.67","10290600"
"405","yhoo","2015-07-28","37.64","37.92","37.27","37.72","10333100"
"406","yhoo","2015-07-27","38.31","38.31","37.65","37.84","12942700"
"407","yhoo","2015-07-24","39.58","39.58","38.67","38.85","8590700"
"408","yhoo","2015-07-23","39.30","39.78","39.06","39.21","9267400"
"409","yhoo","2015-07-22","38.57","39.63","38.26","39.24","17714800"
"410","yhoo","2015-07-21","39.61","39.85","39.35","39.73","14861600"
"411","yhoo","2015-07-20","39.98","39.98","39.26","39.54","14752100"
"412","yhoo","2015-07-17","39.19","39.79","38.93","39.68","14864300"
"413","yhoo","2015-07-16","38.70","38.96","38.60","38.91","8462400"
"414","yhoo","2015-07-15","38.51","38.80","38.15","38.38","9147300"
"415","yhoo","2015-07-14","38.65","39.03","38.44","38.63","9506500"
"416","yhoo","2015-07-13","38.25","38.80","38.10","38.76","8713200"
"417","yhoo","2015-07-10","38.35","38.42","37.78","37.92","10057600"
"418","yhoo","2015-07-09","38.23","38.68","37.52","37.61","16909400"
"419","yhoo","2015-07-08","37.20","37.49","36.94","37.23","20529200"
"420","yhoo","2015-07-07","38.24","38.38","36.58","38.23","19432500"
"421","yhoo","2015-07-06","38.76","39.12","38.46","38.61","11803400"
"422","yhoo","2015-07-02","39.26","39.64","39.19","39.38","7713000"
"423","yhoo","2015-07-01","39.46","39.78","39.15","39.33","6398400"
"424","yhoo","2015-06-30","39.39","39.65","39.19","39.29","11258300"
"425","yhoo","2015-06-29","39.49","39.78","38.85","38.91","12481300"
"426","yhoo","2015-06-26","40.83","40.87","39.93","40.06","16430900"
"427","yhoo","2015-06-25","41.10","41.39","40.90","41.07","10776200"
"428","yhoo","2015-06-24","40.68","41.23","40.58","40.94","11462200"
"429","yhoo","2015-06-23","40.74","40.80","40.51","40.65","6860600"
"430","yhoo","2015-06-22","40.66","40.89","40.54","40.73","6141500"
"431","yhoo","2015-06-19","40.90","40.93","40.37","40.51","11661500"
"432","yhoo","2015-06-18","41.04","41.27","40.79","40.91","10017600"
"433","yhoo","2015-06-17","40.80","41.52","40.78","40.96","11943100"
"434","yhoo","2015-06-16","40.35","41.40","40.02","40.64","20454500"
"435","yhoo","2015-06-15","40.24","40.67","40.21","40.47","10876300"
"436","yhoo","2015-06-12","40.77","41.11","40.46","40.53","9232700"
"437","yhoo","2015-06-11","42.09","42.21","40.55","40.94","23695000"
"438","yhoo","2015-06-10","41.70","42.31","41.69","42.06","7943800"
"439","yhoo","2015-06-09","41.92","41.95","41.02","41.63","11995200"
"440","yhoo","2015-06-08","42.72","42.89","42.00","42.01","7625500"
"441","yhoo","2015-06-05","42.83","43.26","42.70","42.81","9831100"
"442","yhoo","2015-06-04","43.09","43.44","42.76","42.88","10033400"
"443","yhoo","2015-06-03","43.30","43.78","42.98","43.21","11893400"
"444","yhoo","2015-06-02","43.18","43.62","42.92","43.15","8866500"
"445","yhoo","2015-06-01","43.05","43.63","42.91","43.35","11152900"
"446","yhoo","2015-05-29","43.45","43.59","42.81","42.94","10928000"
"447","yhoo","2015-05-28","43.06","43.42","42.93","43.07","9414000"
"448","yhoo","2015-05-27","42.60","43.44","42.28","43.38","13686500"
"449","yhoo","2015-05-26","43.41","43.50","42.58","42.85","12796000"
"450","yhoo","2015-05-22","43.58","44.00","43.47","43.49","10279400"
"451","yhoo","2015-05-21","43.06","43.87","43.05","43.68","30404300"
"452","yhoo","2015-05-20","42.28","43.04","42.16","42.79","54530800"
"453","yhoo","2015-05-19","44.38","44.66","39.12","40.98","45363900"
"454","yhoo","2015-05-18","44.52","44.57","44.04","44.36","9230000"
"455","yhoo","2015-05-15","45.00","45.07","44.69","44.75","7768600"
"456","yhoo","2015-05-14","44.53","44.99","44.45","44.95","10301800"
"457","yhoo","2015-05-13","44.03","44.67","43.98","44.40","10987200"
"458","yhoo","2015-05-12","44.30","44.31","43.69","43.84","14264800"
"459","yhoo","2015-05-11","43.82","44.14","43.59","43.60","11509600"
"460","yhoo","2015-05-08","44.34","44.55","44.00","44.09","15750200"
"461","yhoo","2015-05-07","44.93","44.98","43.55","43.87","28213800"
"462","yhoo","2015-05-06","41.31","41.73","41.21","41.66","13976300"
"463","yhoo","2015-05-05","41.86","42.00","40.81","41.30","19377100"
"464","yhoo","2015-05-04","42.50","42.55","41.83","42.04","14483800"
"465","yhoo","2015-05-01","42.55","42.68","42.09","42.51","10467600"
"466","yhoo","2015-04-30","43.12","43.31","42.26","42.57","14257900"
"467","yhoo","2015-04-29","43.88","44.05","43.09","43.28","12712600"
"468","yhoo","2015-04-28","44.34","44.57","43.94","44.34","7197100"
"469","yhoo","2015-04-27","44.65","45.10","44.25","44.36","10855400"
"470","yhoo","2015-04-24","43.73","44.71","43.69","44.52","11281100"
"471","yhoo","2015-04-23","43.92","44.06","43.58","43.70","14298900"
"472","yhoo","2015-04-22","44.58","44.85","43.67","43.98","32284300"
"473","yhoo","2015-04-21","45.15","45.18","44.45","44.49","18617900"
"474","yhoo","2015-04-20","44.73","44.91","44.41","44.66","10228700"
"475","yhoo","2015-04-17","45.30","45.44","44.25","44.45","13591600"
"476","yhoo","2015-04-16","45.82","46.13","45.53","45.78","13833100"
"477","yhoo","2015-04-15","45.46","45.83","45.23","45.73","15039600"
"478","yhoo","2015-04-14","44.82","45.64","44.79","45.53","12365800"
"479","yhoo","2015-04-13","45.25","45.59","44.72","44.77","8837300"
"480","yhoo","2015-04-10","45.79","45.79","45.00","45.18","8436400"
"481","yhoo","2015-04-09","45.70","46.17","45.16","45.63","13678000"
"482","yhoo","2015-04-08","43.86","45.19","43.80","45.17","16071000"
"483","yhoo","2015-04-07","43.79","44.22","43.56","43.61","11382000"
"484","yhoo","2015-04-06","43.82","44.03","43.61","43.67","10717000"
"485","yhoo","2015-04-02","44.24","44.36","43.68","44.15","12229400"
"486","yhoo","2015-04-01","44.45","44.60","43.95","44.13","14722300"
"487","yhoo","2015-03-31","44.82","45.20","44.42","44.44","10415500"
"488","yhoo","2015-03-30","45.36","45.42","44.82","44.95","8884300"
"489","yhoo","2015-03-27","45.20","45.67","45.01","45.10","20563500"
"490","yhoo","2015-03-26","43.78","44.67","43.68","44.47","16162900"
"491","yhoo","2015-03-25","44.59","44.93","44.13","44.20","14036900"
"492","yhoo","2015-03-24","44.64","44.78","44.28","44.42","7559100"
"493","yhoo","2015-03-23","45.25","45.54","44.71","44.72","8268800"
"494","yhoo","2015-03-20","45.37","45.58","44.91","45.04","14194200"
"495","yhoo","2015-03-19","44.90","45.45","44.81","44.98","14758000"
"496","yhoo","2015-03-18","43.58","44.71","43.43","44.67","18919900"
"497","yhoo","2015-03-17","43.54","44.16","43.46","43.79","9656200"
"498","yhoo","2015-03-16","42.93","43.88","42.75","43.51","11376400"
"499","yhoo","2015-03-13","42.84","42.98","42.44","42.87","9087000"
"500","yhoo","2015-03-12","42.70","43.36","42.58","42.95","8384800"
"501","yhoo","2015-03-11","42.77","42.99","42.36","42.50","10007300"
"502","yhoo","2015-03-10","42.57","42.92","42.18","42.68","10600700"
"503","yhoo","2015-03-09","43.60","43.93","42.67","42.98","11801900"
"504","yhoo","2015-03-06","43.98","44.24","43.40","43.44","11888000"
"505","yhoo","2015-03-05","44.18","44.31","43.50","44.16","11867700"
"506","yhoo","2015-03-04","42.08","44.38","41.97","43.99","30098500"
"507","goog","2016-03-03","718.68","719.45","706.02","712.42","1956800"
"508","goog","2016-03-02","719.00","720.00","712.00","718.85","1627800"
"509","goog","2016-03-01","703.62","718.81","699.77","718.81","2147400"
"510","goog","2016-02-29","700.32","710.89","697.68","697.77","2280300"
"511","goog","2016-02-26","708.58","713.43","700.86","705.07","2240000"
"512","goog","2016-02-25","700.01","705.98","690.59","705.75","1631900"
"513","goog","2016-02-24","688.92","700.00","680.78","699.56","1958600"
"514","goog","2016-02-23","701.45","708.40","693.58","695.85","1999700"
"515","goog","2016-02-22","707.45","713.24","702.51","706.46","1946100"
"516","goog","2016-02-19","695.03","703.08","694.05","700.91","1582300"
"517","goog","2016-02-18","710.00","712.35","696.03","697.35","1859100"
"518","goog","2016-02-17","698.09","709.75","691.38","708.40","2490000"
"519","goog","2016-02-16","692.98","698.00","685.05","691.00","2520000"
"520","goog","2016-02-12","690.26","693.75","678.60","682.40","2141400"
"521","goog","2016-02-11","675.00","689.35","668.87","683.11","3024000"
"522","goog","2016-02-10","686.86","701.31","682.13","684.12","2638000"
"523","goog","2016-02-09","672.32","699.90","668.77","678.11","3608900"
"524","goog","2016-02-08","667.85","684.03","663.06","682.74","4247400"
"525","goog","2016-02-05","703.87","703.99","680.15","683.57","5105700"
"526","goog","2016-02-04","722.81","727.00","701.86","708.01","5168700"
"527","goog","2016-02-03","770.22","774.50","720.50","726.95","6171000"
"528","goog","2016-02-02","784.50","789.87","764.65","764.65","6348100"
"529","goog","2016-02-01","750.46","757.86","743.27","752.00","5139200"
"530","goog","2016-01-29","731.53","744.99","726.80","742.95","3474300"
"531","goog","2016-01-28","722.22","733.69","712.35","730.96","2676400"
"532","goog","2016-01-27","713.67","718.23","694.39","699.99","2194200"
"533","goog","2016-01-26","713.85","718.28","706.48","713.04","1331700"
"534","goog","2016-01-25","723.58","729.68","710.01","711.67","1711700"
"535","goog","2016-01-22","723.60","728.13","720.12","725.25","2011800"
"536","goog","2016-01-21","702.18","719.19","694.46","706.59","2412200"
"537","goog","2016-01-20","688.61","706.85","673.26","698.45","3445000"
"538","goog","2016-01-19","703.30","709.98","693.41","701.79","2268100"
"539","goog","2016-01-15","692.29","706.74","685.37","694.45","3592400"
"540","goog","2016-01-14","705.38","721.92","689.10","714.72","2225800"
"541","goog","2016-01-13","730.85","734.74","698.61","700.56","2501700"
"542","goog","2016-01-12","721.68","728.75","717.32","726.07","2024500"
"543","goog","2016-01-11","716.61","718.85","703.54","716.03","2090600"
"544","goog","2016-01-08","731.45","733.23","713.00","714.47","2450900"
"545","goog","2016-01-07","730.31","738.50","719.06","726.39","2963700"
"546","goog","2016-01-06","730.00","747.18","728.92","743.62","1947000"
"547","goog","2016-01-05","746.45","752.00","738.64","742.58","1950700"
"548","goog","2016-01-04","743.00","744.06","731.26","741.84","3272800"
"549","goog","2015-12-31","769.50","769.50","758.34","758.88","1489600"
"550","goog","2015-12-30","776.60","777.60","766.90","771.00","1293300"
"551","goog","2015-12-29","766.69","779.98","766.43","776.60","1765000"
"552","goog","2015-12-28","752.92","762.99","749.52","762.51","1515300"
"553","goog","2015-12-24","749.55","751.35","746.62","748.40","527200"
"554","goog","2015-12-23","753.47","754.21","744.00","750.31","1565900"
"555","goog","2015-12-22","751.65","754.85","745.53","750.00","1365400"
"556","goog","2015-12-21","746.13","750.00","740.00","747.77","1525700"
"557","goog","2015-12-18","746.51","754.13","738.15","739.31","3148700"
"558","goog","2015-12-17","762.42","762.68","749.00","749.43","1553400"
"559","goog","2015-12-16","750.00","760.59","739.43","758.09","1993300"
"560","goog","2015-12-15","753.00","758.08","743.01","743.40","2666200"
"561","goog","2015-12-14","741.79","748.73","724.17","747.77","2412500"
"562","goog","2015-12-11","741.16","745.71","736.75","738.87","2224400"
"563","goog","2015-12-10","752.85","755.85","743.83","749.46","1984900"
"564","goog","2015-12-09","759.17","764.23","737.00","751.61","2700000"
"565","goog","2015-12-08","757.89","764.80","754.20","762.37","1829500"
"566","goog","2015-12-07","767.77","768.73","755.09","763.25","1812300"
"567","goog","2015-12-04","753.10","768.49","750.00","766.81","2757300"
"568","goog","2015-12-03","766.01","768.99","745.63","752.54","2590600"
"569","goog","2015-12-02","768.90","775.96","758.96","762.38","2230400"
"570","goog","2015-12-01","747.11","768.95","746.70","767.04","2134600"
"571","goog","2015-11-30","748.81","754.93","741.27","742.60","2097600"
"572","goog","2015-11-27","748.46","753.41","747.49","750.26","838500"
"573","goog","2015-11-25","748.14","752.00","746.06","748.15","1122100"
"574","goog","2015-11-24","752.00","755.28","737.63","748.28","2333100"
"575","goog","2015-11-23","757.45","762.71","751.82","755.98","1414500"
"576","goog","2015-11-20","746.53","757.92","743.00","756.60","2212300"
"577","goog","2015-11-19","738.74","742.00","737.43","738.41","1327100"
"578","goog","2015-11-18","727.58","741.41","727.00","740.00","1684300"
"579","goog","2015-11-17","729.29","731.84","723.03","725.30","1510900"
"580","goog","2015-11-16","715.60","729.49","711.33","728.96","1905900"
"581","goog","2015-11-13","729.17","731.15","716.73","717.00","2075500"
"582","goog","2015-11-12","731.00","737.80","728.65","731.23","1837200"
"583","goog","2015-11-11","732.46","741.00","730.23","735.40","1366400"
"584","goog","2015-11-10","724.40","730.59","718.50","728.32","1608000"
"585","goog","2015-11-09","730.20","734.71","719.43","724.89","2069800"
"586","goog","2015-11-06","731.50","735.41","727.01","733.76","1511600"
"587","goog","2015-11-05","729.47","739.48","729.47","731.25","1861600"
"588","goog","2015-11-04","722.00","733.10","721.90","728.11","1706700"
"589","goog","2015-11-03","718.86","724.65","714.72","722.16","1565400"
"590","goog","2015-11-02","711.06","721.62","705.85","721.11","1886300"
"591","goog","2015-10-30","715.73","718.00","710.05","710.81","1908800"
"592","goog","2015-10-29","710.50","718.26","710.01","716.92","1456000"
"593","goog","2015-10-28","707.33","712.98","703.08","712.95","2178900"
"594","goog","2015-10-27","707.38","713.62","704.55","708.49","2245800"
"595","goog","2015-10-26","701.55","719.15","701.26","712.78","2716600"
"596","goog","2015-10-23","727.50","730.00","701.50","702.00","6653900"
"597","goog","2015-10-22","646.70","657.80","644.01","651.79","4071000"
"598","goog","2015-10-21","654.15","655.87","641.73","642.61","1791100"
"599","goog","2015-10-20","664.04","664.72","644.20","650.28","2490000"
"600","goog","2015-10-19","661.18","666.82","659.58","666.10","1477300"
"601","goog","2015-10-16","664.11","664.97","657.20","662.20","1611100"
"602","goog","2015-10-15","654.66","663.13","654.46","661.74","1885700"
"603","goog","2015-10-14","653.21","659.39","648.85","651.16","1415500"
"604","goog","2015-10-13","643.15","657.81","643.15","652.30","1807700"
"605","goog","2015-10-12","642.09","648.50","639.01","646.67","1275200"
"606","goog","2015-10-09","640.00","645.99","635.32","643.61","1648700"
"607","goog","2015-10-08","641.36","644.45","625.56","639.16","2182100"
"608","goog","2015-10-07","649.24","650.61","632.15","642.36","2092700"
"609","goog","2015-10-06","638.84","649.25","636.53","645.44","2166300"
"610","goog","2015-10-05","632.00","643.01","627.00","641.47","1803600"
"611","goog","2015-10-02","607.20","627.34","603.13","626.91","2684800"
"612","goog","2015-10-01","608.37","612.09","599.85","611.29","1867600"
"613","goog","2015-09-30","603.28","608.76","600.73","608.42","2413400"
"614","goog","2015-09-29","597.28","605.00","590.22","594.97","2309500"
"615","goog","2015-09-28","610.34","614.60","589.38","594.89","3127700"
"616","goog","2015-09-25","629.77","629.77","611.00","611.97","2174000"
"617","goog","2015-09-24","616.64","627.32","612.40","625.80","2240100"
"618","goog","2015-09-23","622.05","628.93","620.00","622.36","1470900"
"619","goog","2015-09-22","627.00","627.55","615.43","622.69","2562900"
"620","goog","2015-09-21","634.40","636.49","625.94","635.44","1788500"
"621","goog","2015-09-18","636.79","640.00","627.02","629.25","5133400"
"622","goog","2015-09-17","637.79","650.90","635.02","642.90","2274700"
"623","goog","2015-09-16","635.47","637.95","632.32","635.98","1286500"
"624","goog","2015-09-15","626.70","638.70","623.78","635.14","2084400"
"625","goog","2015-09-14","625.70","625.86","619.43","623.24","1702300"
"626","goog","2015-09-11","619.75","625.78","617.42","625.77","1373500"
"627","goog","2015-09-10","613.10","624.16","611.43","621.35","1905300"
"628","goog","2015-09-09","621.22","626.52","609.60","612.72","1702100"
"629","goog","2015-09-08","612.49","616.31","604.12","614.66","2279500"
"630","goog","2015-09-04","600.00","603.47","595.25","600.70","2089000"
"631","goog","2015-09-03","617.00","619.71","602.82","606.25","1759600"
"632","goog","2015-09-02","605.59","614.34","599.71","614.34","2575600"
"633","goog","2015-09-01","602.36","612.86","594.10","597.79","3702100"
"634","goog","2015-08-31","627.54","635.80","617.68","618.25","2176700"
"635","goog","2015-08-28","632.82","636.88","624.56","630.38","1978700"
"636","goog","2015-08-27","639.40","643.59","622.00","637.61","3491300"
"637","goog","2015-08-26","610.35","631.71","599.05","628.62","4235900"
"638","goog","2015-08-25","614.91","617.45","581.11","582.06","3538000"
"639","goog","2015-08-24","573.00","599.33","565.05","589.61","5770300"
"640","goog","2015-08-21","639.78","640.05","612.33","612.48","4265200"
"641","goog","2015-08-20","655.46","662.99","642.90","646.83","2855300"
"642","goog","2015-08-19","656.60","667.00","654.19","660.90","2131600"
"643","goog","2015-08-18","661.90","664.00","653.46","656.13","1456100"
"644","goog","2015-08-17","656.80","661.38","651.24","660.87","1051700"
"645","goog","2015-08-14","655.01","659.85","652.66","657.12","1072100"
"646","goog","2015-08-13","659.32","664.50","651.66","656.45","1810700"
"647","goog","2015-08-12","663.08","665.00","652.29","659.56","2936700"
"648","goog","2015-08-11","669.20","674.90","654.27","660.78","5029200"
"649","goog","2015-08-10","639.48","643.44","631.25","633.73","1809200"
"650","goog","2015-08-07","640.23","642.68","629.71","635.30","1403900"
"651","goog","2015-08-06","645.00","645.38","632.25","642.68","1572600"
"652","goog","2015-08-05","634.33","647.86","633.16","643.78","2334300"
"653","goog","2015-08-04","628.42","634.81","627.16","629.25","1490900"
"654","goog","2015-08-03","625.34","633.06","625.34","631.21","1304500"
"655","goog","2015-07-31","631.38","632.91","625.50","625.61","1706100"
"656","goog","2015-07-30","630.00","635.22","622.05","632.59","1474200"
"657","goog","2015-07-29","628.80","633.36","622.65","631.93","1575100"
"658","goog","2015-07-28","632.83","632.83","623.31","628.00","1727300"
"659","goog","2015-07-27","621.00","634.30","620.50","627.26","2675400"
"660","goog","2015-07-24","647.00","648.17","622.52","623.56","3625700"
"661","goog","2015-07-23","661.27","663.63","641.00","644.28","3029100"
"662","goog","2015-07-22","660.89","678.64","659.00","662.10","3929300"
"663","goog","2015-07-21","655.21","673.00","654.30","662.30","3377200"
"664","goog","2015-07-20","659.24","668.88","653.01","663.02","5860900"
"665","goog","2015-07-17","649.00","674.47","645.00","672.93","11164900"
"666","goog","2015-07-16","565.12","580.68","565.00","579.85","4768300"
"667","goog","2015-07-15","560.13","566.50","556.79","560.22","1784600"
"668","goog","2015-07-14","546.76","565.85","546.71","561.10","3244100"
"669","goog","2015-07-13","532.88","547.11","532.40","546.55","2206500"
"670","goog","2015-07-10","526.29","532.56","525.55","530.13","1956700"
"671","goog","2015-07-09","523.12","523.77","520.35","520.68","1839400"
"672","goog","2015-07-08","521.05","522.73","516.11","516.83","1296700"
"673","goog","2015-07-07","523.13","526.18","515.18","525.02","1597200"
"674","goog","2015-07-06","519.50","525.25","519.00","522.86","1280500"
"675","goog","2015-07-02","521.08","524.65","521.08","523.40","1235900"
"676","goog","2015-07-01","524.73","525.69","518.23","521.84","1961000"
"677","goog","2015-06-30","526.02","526.25","520.50","520.51","2217200"
"678","goog","2015-06-29","525.01","528.61","520.54","521.52","1937800"
"679","goog","2015-06-26","537.26","537.76","531.35","531.69","2109100"
"680","goog","2015-06-25","538.87","540.90","535.23","535.23","1335700"
"681","goog","2015-06-24","540.00","540.00","535.66","537.84","1286600"
"682","goog","2015-06-23","539.64","541.50","535.25","540.48","1197500"
"683","goog","2015-06-22","539.59","543.74","537.53","538.19","1250300"
"684","goog","2015-06-19","537.21","538.25","533.01","536.69","1893500"
"685","goog","2015-06-18","531.00","538.15","530.79","536.73","1833100"
"686","goog","2015-06-17","529.37","530.98","525.10","529.26","1294200"
"687","goog","2015-06-16","528.40","529.64","525.56","528.15","1071800"
"688","goog","2015-06-15","528.00","528.30","524.00","527.20","1632700"
"689","goog","2015-06-12","531.60","533.12","530.16","532.33","955800"
"690","goog","2015-06-11","538.42","538.98","533.02","534.61","1217500"
"691","goog","2015-06-10","529.36","538.36","529.35","536.69","1815000"
"692","goog","2015-06-09","527.56","529.20","523.01","526.69","1455300"
"693","goog","2015-06-08","533.31","534.12","526.24","526.83","1520600"
"694","goog","2015-06-05","536.35","537.20","532.52","533.33","1388200"
"695","goog","2015-06-04","537.76","540.59","534.32","536.70","1348300"
"696","goog","2015-06-03","539.91","543.50","537.11","540.31","1714500"
"697","goog","2015-06-02","532.93","543.00","531.33","539.18","1939000"
"698","goog","2015-06-01","536.79","536.79","529.76","533.99","1904300"
"699","goog","2015-05-29","537.37","538.63","531.45","532.11","2597400"
"700","goog","2015-05-28","538.01","540.61","536.25","539.78","1029800"
"701","goog","2015-05-27","532.80","540.55","531.71","539.79","1525000"
"702","goog","2015-05-26","538.12","539.00","529.88","532.32","2406500"
"703","goog","2015-05-22","540.15","544.19","539.51","540.11","1176200"
"704","goog","2015-05-21","537.95","543.84","535.98","542.51","1462700"
"705","goog","2015-05-20","538.49","542.92","532.97","539.27","1430800"
"706","goog","2015-05-19","533.98","540.66","533.04","537.36","1966900"
"707","goog","2015-05-18","532.01","534.82","528.85","532.30","2003400"
"708","goog","2015-05-15","539.18","539.27","530.38","533.85","1971300"
"709","goog","2015-05-14","533.77","539.00","532.41","538.40","1403900"
"710","goog","2015-05-13","530.56","534.32","528.66","529.62","1252300"
"711","goog","2015-05-12","531.60","533.21","525.26","529.04","1634200"
"712","goog","2015-05-11","538.37","541.98","535.40","535.70","905300"
"713","goog","2015-05-08","536.65","541.15","525.00","538.22","1527600"
"714","goog","2015-05-07","523.99","533.46","521.75","530.70","1546300"
"715","goog","2015-05-06","531.24","532.38","521.09","524.22","1567000"
"716","goog","2015-05-05","538.21","539.74","530.39","530.80","1383100"
"717","goog","2015-05-04","538.53","544.07","535.06","540.78","1308000"
"718","goog","2015-05-01","538.43","539.54","532.10","537.90","1768200"
"719","goog","2015-04-30","547.87","548.59","535.05","537.34","2082200"
"720","goog","2015-04-29","550.47","553.68","546.91","549.08","1698800"
"721","goog","2015-04-28","554.64","556.02","550.37","553.68","1491000"
"722","goog","2015-04-27","563.39","565.95","553.20","555.37","2398000"
"723","goog","2015-04-24","566.10","571.14","557.25","565.06","4932500"
"724","goog","2015-04-23","541.00","550.96","540.23","547.00","4184800"
"725","goog","2015-04-22","534.40","541.08","531.75","539.37","1593500"
"726","goog","2015-04-21","537.51","539.39","533.68","533.97","1844700"
"727","goog","2015-04-20","525.60","536.09","524.50","535.38","1679200"
"728","goog","2015-04-17","528.66","529.84","521.01","524.05","2151800"
"729","goog","2015-04-16","529.90","535.59","529.61","533.80","1299800"
"730","goog","2015-04-15","528.70","534.73","523.22","532.53","2318800"
"731","goog","2015-04-14","536.25","537.57","528.09","530.39","2604100"
"732","goog","2015-04-13","538.41","544.06","537.31","539.17","1645300"
"733","goog","2015-04-10","542.29","542.29","537.31","540.01","1409400"
"734","goog","2015-04-09","541.03","541.95","535.49","540.78","1557800"
"735","goog","2015-04-08","538.38","543.85","538.38","541.61","1178500"
"736","goog","2015-04-07","538.08","542.69","536.00","537.02","1302800"
"737","goog","2015-04-06","532.22","538.41","529.57","536.77","1324400"
"738","goog","2015-04-02","540.85","540.85","533.85","535.53","1716300"
"739","goog","2015-04-01","548.60","551.14","539.50","542.56","1963000"
"740","goog","2015-03-31","550.00","554.71","546.72","548.00","1588000"
"741","goog","2015-03-30","551.62","553.47","548.17","552.03","1287500"
"742","goog","2015-03-27","553.00","555.28","548.13","548.34","1897400"
"743","goog","2015-03-26","557.59","558.90","550.65","555.17","1572600"
"744","goog","2015-03-25","570.50","572.26","558.74","558.79","2152200"
"745","goog","2015-03-24","562.56","574.59","561.21","570.19","2583200"
"746","goog","2015-03-23","560.43","562.36","555.83","558.81","1643800"
"747","goog","2015-03-20","561.65","561.72","559.05","560.36","2616800"
"748","goog","2015-03-19","559.39","560.80","556.15","557.99","1197200"
"749","goog","2015-03-18","552.50","559.78","547.00","559.50","2134500"
"750","goog","2015-03-17","551.71","553.80","548.00","550.84","1805500"
"751","goog","2015-03-16","550.95","556.85","546.00","554.51","1640900"
"752","goog","2015-03-13","553.50","558.40","544.22","547.32","1703500"
"753","goog","2015-03-12","553.51","556.37","550.46","555.51","1389600"
"754","goog","2015-03-11","555.14","558.14","550.68","551.18","1820700"
"755","goog","2015-03-10","564.25","564.85","554.73","555.01","1792300"
"756","goog","2015-03-09","566.86","570.27","563.54","568.85","1062100"
"757","goog","2015-03-06","574.88","576.68","566.76","567.69","1659100"
"758","goog","2015-03-05","575.02","577.91","573.41","575.33","1389600"
"759","goog","2015-03-04","571.87","577.11","568.01","573.37","1876800"
"760","vgz","2016-03-03","0.48","0.53","0.47","0.53","674100"
"761","vgz","2016-03-02","0.47","0.49","0.47","0.48","173100"
"762","vgz","2016-03-01","0.49","0.49","0.45","0.45","134000"
"763","vgz","2016-02-29","0.48","0.50","0.45","0.49","336400"
"764","vgz","2016-02-26","0.47","0.48","0.44","0.47","289600"
"765","vgz","2016-02-25","0.49","0.49","0.45","0.46","253300"
"766","vgz","2016-02-24","0.50","0.50","0.47","0.48","702600"
"767","vgz","2016-02-23","0.40","0.47","0.40","0.47","1146500"
"768","vgz","2016-02-22","0.38","0.41","0.38","0.39","292500"
"769","vgz","2016-02-19","0.39","0.41","0.38","0.39","202400"
"770","vgz","2016-02-18","0.39","0.41","0.38","0.40","306600"
"771","vgz","2016-02-17","0.38","0.39","0.37","0.39","92100"
"772","vgz","2016-02-16","0.37","0.40","0.36","0.37","281500"
"773","vgz","2016-02-12","0.39","0.41","0.38","0.41","476000"
"774","vgz","2016-02-11","0.34","0.41","0.33","0.38","1014000"
"775","vgz","2016-02-10","0.32","0.33","0.31","0.33","62400"
"776","vgz","2016-02-09","0.33","0.34","0.31","0.32","206300"
"777","vgz","2016-02-08","0.32","0.35","0.32","0.33","697000"
"778","vgz","2016-02-05","0.30","0.32","0.30","0.32","152300"
"779","vgz","2016-02-04","0.30","0.32","0.29","0.30","306700"
"780","vgz","2016-02-03","0.31","0.31","0.30","0.30","95600"
"781","vgz","2016-02-02","0.31","0.31","0.29","0.30","98400"
"782","vgz","2016-02-01","0.29","0.31","0.28","0.31","125500"
"783","vgz","2016-01-29","0.28","0.30","0.28","0.28","64600"
"784","vgz","2016-01-28","0.30","0.31","0.27","0.28","143500"
"785","vgz","2016-01-27","0.31","0.31","0.29","0.29","45200"
"786","vgz","2016-01-26","0.29","0.31","0.29","0.30","72400"
"787","vgz","2016-01-25","0.30","0.30","0.28","0.29","87500"
"788","vgz","2016-01-22","0.31","0.31","0.28","0.29","146200"
"789","vgz","2016-01-21","0.30","0.31","0.28","0.30","34400"
"790","vgz","2016-01-20","0.31","0.32","0.28","0.31","167900"
"791","vgz","2016-01-19","0.29","0.31","0.28","0.29","55100"
"792","vgz","2016-01-15","0.27","0.29","0.27","0.28","59100"
"793","vgz","2016-01-14","0.31","0.31","0.28","0.28","60800"
"794","vgz","2016-01-13","0.32","0.33","0.29","0.30","45000"
"795","vgz","2016-01-12","0.33","0.33","0.29","0.31","104600"
"796","vgz","2016-01-11","0.32","0.33","0.31","0.33","131900"
"797","vgz","2016-01-08","0.31","0.32","0.31","0.32","144700"
"798","vgz","2016-01-07","0.31","0.32","0.31","0.31","115200"
"799","vgz","2016-01-06","0.30","0.31","0.29","0.30","88500"
"800","vgz","2016-01-05","0.28","0.30","0.28","0.29","14200"
"801","vgz","2016-01-04","0.28","0.31","0.28","0.29","50600"
"802","vgz","2015-12-31","0.28","0.31","0.27","0.28","180200"
"803","vgz","2015-12-30","0.29","0.30","0.28","0.30","166400"
"804","vgz","2015-12-29","0.31","0.31","0.29","0.30","85800"
"805","vgz","2015-12-28","0.31","0.32","0.28","0.31","164300"
"806","vgz","2015-12-24","0.31","0.31","0.30","0.31","70000"
"807","vgz","2015-12-23","0.31","0.31","0.29","0.31","72400"
"808","vgz","2015-12-22","0.29","0.31","0.27","0.31","75000"
"809","vgz","2015-12-21","0.30","0.32","0.29","0.30","86400"
"810","vgz","2015-12-18","0.29","0.31","0.28","0.29","108900"
"811","vgz","2015-12-17","0.29","0.29","0.28","0.28","115300"
"812","vgz","2015-12-16","0.28","0.32","0.28","0.29","70000"
"813","vgz","2015-12-15","0.30","0.30","0.28","0.28","26900"
"814","vgz","2015-12-14","0.28","0.30","0.28","0.28","41200"
"815","vgz","2015-12-11","0.30","0.33","0.30","0.30","80200"
"816","vgz","2015-12-10","0.30","0.31","0.30","0.30","80900"
"817","vgz","2015-12-09","0.27","0.32","0.27","0.28","117500"
"818","vgz","2015-12-08","0.27","0.30","0.27","0.28","68900"
"819","vgz","2015-12-07","0.30","0.31","0.28","0.30","129700"
"820","vgz","2015-12-04","0.28","0.30","0.27","0.28","86400"
"821","vgz","2015-12-03","0.28","0.28","0.27","0.27","28000"
"822","vgz","2015-12-02","0.27","0.28","0.27","0.27","28200"
"823","vgz","2015-12-01","0.27","0.28","0.27","0.27","50800"
"824","vgz","2015-11-30","0.28","0.28","0.27","0.27","62900"
"825","vgz","2015-11-27","0.27","0.28","0.27","0.28","8700"
"826","vgz","2015-11-25","0.27","0.28","0.27","0.27","13600"
"827","vgz","2015-11-24","0.29","0.29","0.27","0.28","89700"
"828","vgz","2015-11-23","0.27","0.28","0.27","0.27","11000"
"829","vgz","2015-11-20","0.28","0.29","0.28","0.29","3000"
"830","vgz","2015-11-19","0.27","0.29","0.26","0.28","77100"
"831","vgz","2015-11-18","0.26","0.27","0.26","0.27","35800"
"832","vgz","2015-11-17","0.26","0.28","0.26","0.27","32300"
"833","vgz","2015-11-16","0.30","0.30","0.26","0.27","124300"
"834","vgz","2015-11-13","0.28","0.29","0.28","0.28","41600"
"835","vgz","2015-11-12","0.28","0.29","0.28","0.28","114700"
"836","vgz","2015-11-11","0.29","0.30","0.28","0.29","23200"
"837","vgz","2015-11-10","0.30","0.30","0.28","0.29","13700"
"838","vgz","2015-11-09","0.28","0.30","0.28","0.30","43200"
"839","vgz","2015-11-06","0.30","0.30","0.28","0.28","47900"
"840","vgz","2015-11-05","0.30","0.30","0.28","0.29","23000"
"841","vgz","2015-11-04","0.29","0.29","0.29","0.29","23900"
"842","vgz","2015-11-03","0.28","0.30","0.28","0.30","80700"
"843","vgz","2015-11-02","0.29","0.30","0.29","0.29","9800"
"844","vgz","2015-10-30","0.29","0.30","0.29","0.29","29900"
"845","vgz","2015-10-29","0.30","0.30","0.29","0.29","68900"
"846","vgz","2015-10-28","0.31","0.32","0.31","0.31","8500"
"847","vgz","2015-10-27","0.31","0.33","0.30","0.30","101600"
"848","vgz","2015-10-26","0.33","0.33","0.30","0.30","29100"
"849","vgz","2015-10-23","0.33","0.34","0.30","0.30","200000"
"850","vgz","2015-10-22","0.32","0.35","0.31","0.34","48400"
"851","vgz","2015-10-21","0.33","0.35","0.32","0.32","29000"
"852","vgz","2015-10-20","0.31","0.36","0.31","0.33","164700"
"853","vgz","2015-10-19","0.32","0.33","0.29","0.30","144900"
"854","vgz","2015-10-16","0.33","0.36","0.33","0.33","121100"
"855","vgz","2015-10-15","0.35","0.35","0.34","0.34","64600"
"856","vgz","2015-10-14","0.35","0.37","0.33","0.34","177700"
"857","vgz","2015-10-13","0.33","0.37","0.33","0.35","140900"
"858","vgz","2015-10-12","0.33","0.33","0.33","0.33","55800"
"859","vgz","2015-10-09","0.29","0.33","0.29","0.33","101900"
"860","vgz","2015-10-08","0.31","0.31","0.29","0.29","27400"
"861","vgz","2015-10-07","0.31","0.31","0.30","0.31","18900"
"862","vgz","2015-10-06","0.33","0.34","0.28","0.32","87800"
"863","vgz","2015-10-05","0.31","0.35","0.29","0.32","200600"
"864","vgz","2015-10-02","0.30","0.32","0.30","0.30","98900"
"865","vgz","2015-10-01","0.30","0.31","0.30","0.30","36800"
"866","vgz","2015-09-30","0.30","0.31","0.29","0.30","44700"
"867","vgz","2015-09-29","0.29","0.30","0.28","0.30","136000"
"868","vgz","2015-09-28","0.28","0.30","0.27","0.29","92400"
"869","vgz","2015-09-25","0.28","0.31","0.28","0.31","284100"
"870","vgz","2015-09-24","0.26","0.29","0.26","0.29","172400"
"871","vgz","2015-09-23","0.29","0.29","0.27","0.27","21000"
"872","vgz","2015-09-22","0.28","0.28","0.27","0.28","11100"
"873","vgz","2015-09-21","0.28","0.29","0.25","0.28","213800"
"874","vgz","2015-09-18","0.27","0.29","0.27","0.28","58800"
"875","vgz","2015-09-17","0.29","0.29","0.27","0.27","78800"
"876","vgz","2015-09-16","0.26","0.29","0.26","0.29","158000"
"877","vgz","2015-09-15","0.29","0.29","0.25","0.26","134700"
"878","vgz","2015-09-14","0.29","0.29","0.27","0.27","75600"
"879","vgz","2015-09-11","0.29","0.30","0.28","0.29","29500"
"880","vgz","2015-09-10","0.32","0.32","0.27","0.28","266300"
"881","vgz","2015-09-09","0.27","0.28","0.27","0.27","24000"
"882","vgz","2015-09-08","0.28","0.29","0.27","0.28","46500"
"883","vgz","2015-09-04","0.27","0.29","0.27","0.28","9800"
"884","vgz","2015-09-03","0.27","0.29","0.27","0.28","20000"
"885","vgz","2015-09-02","0.27","0.29","0.27","0.27","39900"
"886","vgz","2015-09-01","0.28","0.28","0.27","0.27","14100"
"887","vgz","2015-08-31","0.29","0.29","0.27","0.28","28000"
"888","vgz","2015-08-28","0.28","0.30","0.27","0.29","26700"
"889","vgz","2015-08-27","0.27","0.30","0.27","0.27","152400"
"890","vgz","2015-08-26","0.28","0.30","0.27","0.27","18800"
"891","vgz","2015-08-25","0.27","0.29","0.27","0.29","146600"
"892","vgz","2015-08-24","0.28","0.29","0.27","0.28","55900"
"893","vgz","2015-08-21","0.29","0.31","0.29","0.29","32600"
"894","vgz","2015-08-20","0.30","0.31","0.29","0.29","35700"
"895","vgz","2015-08-19","0.29","0.31","0.29","0.30","64500"
"896","vgz","2015-08-18","0.29","0.30","0.29","0.29","31500"
"897","vgz","2015-08-17","0.28","0.30","0.28","0.29","77200"
"898","vgz","2015-08-14","0.30","0.30","0.28","0.29","44800"
"899","vgz","2015-08-13","0.29","0.30","0.28","0.29","133900"
"900","vgz","2015-08-12","0.30","0.31","0.29","0.30","124000"
"901","vgz","2015-08-11","0.28","0.30","0.28","0.30","67100"
"902","vgz","2015-08-10","0.30","0.30","0.28","0.30","245200"
"903","vgz","2015-08-07","0.28","0.29","0.28","0.29","409100"
"904","vgz","2015-08-06","0.28","0.28","0.27","0.27","467900"
"905","vgz","2015-08-05","0.28","0.28","0.27","0.28","369900"
"906","vgz","2015-08-04","0.27","0.28","0.27","0.28","50300"
"907","vgz","2015-08-03","0.27","0.28","0.27","0.27","34400"
"908","vgz","2015-07-31","0.27","0.28","0.26","0.27","138500"
"909","vgz","2015-07-30","0.27","0.28","0.26","0.28","161800"
"910","vgz","2015-07-29","0.27","0.28","0.26","0.28","20400"
"911","vgz","2015-07-28","0.27","0.28","0.26","0.26","41900"
"912","vgz","2015-07-27","0.27","0.29","0.26","0.27","136400"
"913","vgz","2015-07-24","0.26","0.27","0.25","0.27","328200"
"914","vgz","2015-07-23","0.28","0.28","0.26","0.26","70600"
"915","vgz","2015-07-22","0.24","0.27","0.24","0.25","129200"
"916","vgz","2015-07-21","0.24","0.27","0.24","0.24","186000"
"917","vgz","2015-07-20","0.26","0.27","0.24","0.24","519300"
"918","vgz","2015-07-17","0.27","0.27","0.27","0.27","138000"
"919","vgz","2015-07-16","0.27","0.28","0.27","0.27","73600"
"920","vgz","2015-07-15","0.26","0.27","0.24","0.27","200200"
"921","vgz","2015-07-14","0.27","0.28","0.26","0.27","144200"
"922","vgz","2015-07-13","0.29","0.29","0.26","0.27","297500"
"923","vgz","2015-07-10","0.28","0.29","0.28","0.29","35600"
"924","vgz","2015-07-09","0.28","0.30","0.28","0.29","169100"
"925","vgz","2015-07-08","0.29","0.30","0.28","0.28","110500"
"926","vgz","2015-07-07","0.32","0.32","0.29","0.30","200800"
"927","vgz","2015-07-06","0.32","0.33","0.31","0.31","30800"
"928","vgz","2015-07-02","0.33","0.33","0.31","0.32","138500"
"929","vgz","2015-07-01","0.31","0.33","0.31","0.32","87200"
"930","vgz","2015-06-30","0.33","0.33","0.30","0.33","26100"
"931","vgz","2015-06-29","0.32","0.33","0.32","0.33","117600"
"932","vgz","2015-06-26","0.32","0.33","0.30","0.32","144600"
"933","vgz","2015-06-25","0.34","0.34","0.32","0.34","53700"
"934","vgz","2015-06-24","0.32","0.35","0.31","0.35","63400"
"935","vgz","2015-06-23","0.31","0.33","0.31","0.32","43800"
"936","vgz","2015-06-22","0.31","0.35","0.31","0.32","29800"
"937","vgz","2015-06-19","0.34","0.35","0.31","0.34","66800"
"938","vgz","2015-06-18","0.32","0.36","0.32","0.33","216900"
"939","vgz","2015-06-17","0.32","0.32","0.30","0.32","77900"
"940","vgz","2015-06-16","0.32","0.33","0.30","0.33","124800"
"941","vgz","2015-06-15","0.31","0.32","0.31","0.32","70000"
"942","vgz","2015-06-12","0.33","0.33","0.30","0.31","139700"
"943","vgz","2015-06-11","0.32","0.33","0.31","0.33","58000"
"944","vgz","2015-06-10","0.32","0.33","0.31","0.31","93200"
"945","vgz","2015-06-09","0.32","0.33","0.31","0.32","49900"
"946","vgz","2015-06-08","0.33","0.33","0.30","0.33","42900"
"947","vgz","2015-06-05","0.33","0.33","0.30","0.33","279400"
"948","vgz","2015-06-04","0.33","0.35","0.33","0.33","28800"
"949","vgz","2015-06-03","0.35","0.36","0.34","0.34","147600"
"950","vgz","2015-06-02","0.35","0.35","0.34","0.35","132100"
"951","vgz","2015-06-01","0.34","0.34","0.33","0.33","80400"
"952","vgz","2015-05-29","0.33","0.35","0.32","0.33","145100"
"953","vgz","2015-05-28","0.35","0.35","0.34","0.35","41300"
"954","vgz","2015-05-27","0.35","0.35","0.33","0.35","103800"
"955","vgz","2015-05-26","0.36","0.36","0.34","0.35","55900"
"956","vgz","2015-05-22","0.37","0.37","0.35","0.36","28100"
"957","vgz","2015-05-21","0.36","0.37","0.36","0.36","24400"
"958","vgz","2015-05-20","0.37","0.37","0.36","0.37","123600"
"959","vgz","2015-05-19","0.37","0.37","0.35","0.36","394600"
"960","vgz","2015-05-18","0.36","0.37","0.35","0.36","62900"
"961","vgz","2015-05-15","0.35","0.36","0.35","0.35","145500"
"962","vgz","2015-05-14","0.37","0.37","0.36","0.36","28500"
"963","vgz","2015-05-13","0.37","0.38","0.36","0.37","103000"
"964","vgz","2015-05-12","0.38","0.38","0.36","0.37","56300"
"965","vgz","2015-05-11","0.36","0.38","0.36","0.37","92100"
"966","vgz","2015-05-08","0.36","0.39","0.36","0.37","167900"
"967","vgz","2015-05-07","0.36","0.36","0.35","0.35","82700"
"968","vgz","2015-05-06","0.36","0.37","0.36","0.36","65400"
"969","vgz","2015-05-05","0.37","0.37","0.36","0.36","96700"
"970","vgz","2015-05-04","0.37","0.37","0.35","0.37","45000"
"971","vgz","2015-05-01","0.35","0.37","0.35","0.36","17800"
"972","vgz","2015-04-30","0.37","0.37","0.35","0.36","73500"
"973","vgz","2015-04-29","0.37","0.37","0.36","0.37","64700"
"974","vgz","2015-04-28","0.37","0.39","0.37","0.37","141900"
"975","vgz","2015-04-27","0.36","0.37","0.35","0.37","42000"
"976","vgz","2015-04-24","0.35","0.36","0.35","0.35","33500"
"977","vgz","2015-04-23","0.36","0.37","0.34","0.35","42500"
"978","vgz","2015-04-22","0.37","0.37","0.36","0.36","105100"
"979","vgz","2015-04-21","0.36","0.37","0.35","0.36","61800"
"980","vgz","2015-04-20","0.36","0.37","0.36","0.36","25500"
"981","vgz","2015-04-17","0.35","0.38","0.35","0.36","62000"
"982","vgz","2015-04-16","0.37","0.38","0.36","0.38","82700"
"983","vgz","2015-04-15","0.35","0.37","0.35","0.37","121800"
"984","vgz","2015-04-14","0.35","0.37","0.35","0.36","71800"
"985","vgz","2015-04-13","0.38","0.38","0.36","0.36","69500"
"986","vgz","2015-04-10","0.35","0.37","0.35","0.37","55500"
"987","vgz","2015-04-09","0.35","0.36","0.35","0.36","190800"
"988","vgz","2015-04-08","0.39","0.40","0.35","0.35","533500"
"989","vgz","2015-04-07","0.40","0.40","0.38","0.39","215600"
"990","vgz","2015-04-06","0.35","0.39","0.35","0.39","609300"
"991","vgz","2015-04-02","0.31","0.32","0.31","0.32","63300"
"992","vgz","2015-04-01","0.30","0.32","0.30","0.31","51200"
"993","vgz","2015-03-31","0.32","0.32","0.30","0.30","60200"
"994","vgz","2015-03-30","0.31","0.32","0.29","0.32","161200"
"995","vgz","2015-03-27","0.33","0.33","0.30","0.30","112400"
"996","vgz","2015-03-26","0.32","0.33","0.30","0.30","204300"
"997","vgz","2015-03-25","0.31","0.33","0.31","0.31","96000"
"998","vgz","2015-03-24","0.32","0.33","0.31","0.31","98600"
"999","vgz","2015-03-23","0.34","0.34","0.32","0.32","71700"
"1000","vgz","2015-03-20","0.35","0.35","0.33","0.33","168000"
"1001","vgz","2015-03-19","0.35","0.35","0.33","0.34","47100"
"1002","vgz","2015-03-18","0.34","0.35","0.32","0.35","66500"
"1003","vgz","2015-03-17","0.34","0.35","0.32","0.33","68100"
"1004","vgz","2015-03-16","0.32","0.35","0.32","0.34","220300"
"1005","vgz","2015-03-13","0.35","0.35","0.32","0.34","99400"
"1006","vgz","2015-03-12","0.37","0.37","0.33","0.34","75400"
"1007","vgz","2015-03-11","0.34","0.36","0.32","0.36","139600"
"1008","vgz","2015-03-10","0.33","0.35","0.33","0.34","177100"
"1009","vgz","2015-03-09","0.34","0.35","0.33","0.34","57800"
"1010","vgz","2015-03-06","0.35","0.36","0.34","0.35","98700"
"1011","vgz","2015-03-05","0.35","0.39","0.34","0.37","296300"
"1012","vgz","2015-03-04","0.35","0.36","0.33","0.34","31700"
"1013","aapl","2016-03-03","100.58","101.71","100.45","101.50","36792200"
"1014","aapl","2016-03-02","100.51","100.89","99.64","100.75","33084900"
"1015","aapl","2016-03-01","97.65","100.77","97.42","100.53","50153900"
"1016","aapl","2016-02-29","96.86","98.23","96.65","96.69","34876600"
"1017","aapl","2016-02-26","97.20","98.02","96.58","96.91","28913200"
"1018","aapl","2016-02-25","96.05","96.76","95.25","96.76","27393900"
"1019","aapl","2016-02-24","93.98","96.38","93.32","96.10","36155600"
"1020","aapl","2016-02-23","96.40","96.50","94.55","94.69","31686700"
"1021","aapl","2016-02-22","96.31","96.90","95.92","96.88","34048200"
"1022","aapl","2016-02-19","96.00","96.76","95.80","96.04","34485600"
"1023","aapl","2016-02-18","98.84","98.89","96.09","96.26","38494400"
"1024","aapl","2016-02-17","96.67","98.21","96.15","98.12","44390200"
"1025","aapl","2016-02-16","95.02","96.85","94.61","96.64","47490700"
"1026","aapl","2016-02-12","94.19","94.50","93.01","93.99","40121700"
"1027","aapl","2016-02-11","93.79","94.72","92.59","93.70","49686200"
"1028","aapl","2016-02-10","95.92","96.35","94.10","94.27","42245000"
"1029","aapl","2016-02-09","94.29","95.94","93.93","94.99","44331200"
"1030","aapl","2016-02-08","93.13","95.70","93.04","95.01","54021400"
"1031","aapl","2016-02-05","96.52","96.92","93.69","94.02","46418100"
"1032","aapl","2016-02-04","95.86","97.33","95.19","96.60","46471700"
"1033","aapl","2016-02-03","95.00","96.84","94.08","96.35","45964300"
"1034","aapl","2016-02-02","95.42","96.04","94.28","94.48","37357200"
"1035","aapl","2016-02-01","96.47","96.71","95.40","96.43","40943500"
"1036","aapl","2016-01-29","94.79","97.34","94.35","97.34","64416500"
"1037","aapl","2016-01-28","93.79","94.52","92.39","94.09","55678800"
"1038","aapl","2016-01-27","96.04","96.63","93.34","93.42","133369700"
"1039","aapl","2016-01-26","99.93","100.88","98.07","99.99","75077000"
"1040","aapl","2016-01-25","101.52","101.53","99.21","99.44","51794500"
"1041","aapl","2016-01-22","98.63","101.46","98.37","101.42","65800500"
"1042","aapl","2016-01-21","97.06","97.88","94.94","96.30","52161500"
"1043","aapl","2016-01-20","95.10","98.19","93.42","96.79","72334400"
"1044","aapl","2016-01-19","98.41","98.65","95.50","96.66","53087700"
"1045","aapl","2016-01-15","96.20","97.71","95.36","97.13","79833900"
"1046","aapl","2016-01-14","97.96","100.48","95.74","99.52","63170100"
"1047","aapl","2016-01-13","100.32","101.19","97.30","97.39","62439600"
"1048","aapl","2016-01-12","100.55","100.69","98.84","99.96","49154200"
"1049","aapl","2016-01-11","98.97","99.06","97.34","98.53","49739400"
"1050","aapl","2016-01-08","98.55","99.11","96.76","96.96","70798000"
"1051","aapl","2016-01-07","98.68","100.13","96.43","96.45","81094400"
"1052","aapl","2016-01-06","100.56","102.37","99.87","100.70","68457400"
"1053","aapl","2016-01-05","105.75","105.85","102.41","102.71","55791000"
"1054","aapl","2016-01-04","102.61","105.37","102.00","105.35","67649400"
"1055","aapl","2015-12-31","107.01","107.03","104.82","105.26","40912300"
"1056","aapl","2015-12-30","108.58","108.70","107.18","107.32","25213800"
"1057","aapl","2015-12-29","106.96","109.43","106.86","108.74","30931200"
"1058","aapl","2015-12-28","107.59","107.69","106.18","106.82","26704200"
"1059","aapl","2015-12-24","109.00","109.00","107.95","108.03","13596700"
"1060","aapl","2015-12-23","107.27","108.85","107.20","108.61","32657400"
"1061","aapl","2015-12-22","107.40","107.72","106.45","107.23","32789400"
"1062","aapl","2015-12-21","107.28","107.37","105.57","107.33","47590600"
"1063","aapl","2015-12-18","108.91","109.52","105.81","106.03","96453300"
"1064","aapl","2015-12-17","112.02","112.25","108.98","108.98","44772800"
"1065","aapl","2015-12-16","111.07","111.99","108.80","111.34","56238500"
"1066","aapl","2015-12-15","111.94","112.80","110.35","110.49","52978100"
"1067","aapl","2015-12-14","112.18","112.68","109.79","112.48","64318700"
"1068","aapl","2015-12-11","115.19","115.39","112.85","113.18","46886200"
"1069","aapl","2015-12-10","116.04","116.94","115.51","116.17","29212700"
"1070","aapl","2015-12-09","117.64","117.69","115.08","115.62","46361400"
"1071","aapl","2015-12-08","117.52","118.60","116.86","118.23","34309500"
"1072","aapl","2015-12-07","118.98","119.86","117.81","118.28","32084200"
"1073","aapl","2015-12-04","115.29","119.25","115.11","119.03","57777000"
"1074","aapl","2015-12-03","116.55","116.79","114.22","115.20","41569500"
"1075","aapl","2015-12-02","117.34","118.11","116.08","116.28","33386600"
"1076","aapl","2015-12-01","118.75","118.81","116.86","117.34","34852400"
"1077","aapl","2015-11-30","117.99","119.41","117.75","118.30","39180300"
"1078","aapl","2015-11-27","118.29","118.41","117.60","117.81","13046400"
"1079","aapl","2015-11-25","119.21","119.23","117.92","118.03","21388300"
"1080","aapl","2015-11-24","117.33","119.35","117.12","118.88","42803200"
"1081","aapl","2015-11-23","119.27","119.73","117.34","117.75","32482500"
"1082","aapl","2015-11-20","119.20","119.92","118.85","119.30","34287100"
"1083","aapl","2015-11-19","117.64","119.75","116.76","118.78","43295800"
"1084","aapl","2015-11-18","115.76","117.49","115.50","117.29","46674700"
"1085","aapl","2015-11-17","114.92","115.05","113.32","113.69","27616900"
"1086","aapl","2015-11-16","111.38","114.24","111.00","114.18","38106700"
"1087","aapl","2015-11-13","115.20","115.57","112.27","112.34","45812400"
"1088","aapl","2015-11-12","116.26","116.82","115.65","115.72","32525600"
"1089","aapl","2015-11-11","116.37","117.42","115.21","116.11","45218000"
"1090","aapl","2015-11-10","116.90","118.07","116.06","116.77","59127900"
"1091","aapl","2015-11-09","120.96","121.81","120.05","120.57","33871400"
"1092","aapl","2015-11-06","121.11","121.81","120.62","121.06","33042300"
"1093","aapl","2015-11-05","121.85","122.69","120.18","120.92","39552700"
"1094","aapl","2015-11-04","123.13","123.82","121.62","122.00","44886100"
"1095","aapl","2015-11-03","120.79","123.49","120.70","122.57","45519000"
"1096","aapl","2015-11-02","120.80","121.36","119.61","121.18","32203300"
"1097","aapl","2015-10-30","120.99","121.22","119.45","119.50","49365300"
"1098","aapl","2015-10-29","118.70","120.69","118.27","120.53","51227300"
"1099","aapl","2015-10-28","116.93","119.30","116.06","119.27","85551400"
"1100","aapl","2015-10-27","115.40","116.54","113.99","114.55","69884400"
"1101","aapl","2015-10-26","118.08","118.13","114.92","115.28","66333800"
"1102","aapl","2015-10-23","116.70","119.23","116.33","119.08","59366900"
"1103","aapl","2015-10-22","114.33","115.50","114.10","115.50","41654100"
"1104","aapl","2015-10-21","114.00","115.58","113.70","113.76","41795200"
"1105","aapl","2015-10-20","111.34","114.17","110.82","113.77","48967800"
"1106","aapl","2015-10-19","110.80","111.75","110.11","111.73","29759200"
"1107","aapl","2015-10-16","111.78","112.00","110.53","111.04","38236300"
"1108","aapl","2015-10-15","110.93","112.10","110.49","111.86","37673500"
"1109","aapl","2015-10-14","111.29","111.52","109.56","110.21","44462400"
"1110","aapl","2015-10-13","110.82","112.45","110.68","111.79","33049300"
"1111","aapl","2015-10-12","112.73","112.75","111.44","111.60","30467200"
"1112","aapl","2015-10-09","110.00","112.28","109.49","112.12","52766100"
"1113","aapl","2015-10-08","110.19","110.19","108.21","109.50","61979600"
"1114","aapl","2015-10-07","111.74","111.77","109.41","110.78","46765600"
"1115","aapl","2015-10-06","110.63","111.74","109.77","111.31","48857000"
"1116","aapl","2015-10-05","109.88","111.37","109.07","110.78","52064700"
"1117","aapl","2015-10-02","108.01","111.01","107.55","110.38","58019800"
"1118","aapl","2015-10-01","109.07","109.62","107.31","109.58","63929100"
"1119","aapl","2015-09-30","110.17","111.54","108.73","110.30","66473000"
"1120","aapl","2015-09-29","112.83","113.51","107.86","109.06","73365400"
"1121","aapl","2015-09-28","113.85","114.57","112.44","112.44","52109000"
"1122","aapl","2015-09-25","116.44","116.69","114.02","114.71","56151900"
"1123","aapl","2015-09-24","113.25","115.50","112.37","115.00","50219500"
"1124","aapl","2015-09-23","113.63","114.72","113.30","114.32","35756700"
"1125","aapl","2015-09-22","113.38","114.18","112.52","113.40","50346200"
"1126","aapl","2015-09-21","113.67","115.37","113.66","115.21","50222000"
"1127","aapl","2015-09-18","112.21","114.30","111.87","113.45","74285300"
"1128","aapl","2015-09-17","115.66","116.49","113.72","113.92","64112600"
"1129","aapl","2015-09-16","116.25","116.54","115.44","116.41","37173500"
"1130","aapl","2015-09-15","115.93","116.53","114.42","116.28","43341200"
"1131","aapl","2015-09-14","116.58","116.89","114.86","115.31","58363400"
"1132","aapl","2015-09-11","111.79","114.21","111.76","114.21","49915500"
"1133","aapl","2015-09-10","110.27","113.28","109.90","112.57","62892800"
"1134","aapl","2015-09-09","113.76","114.02","109.77","110.15","85010800"
"1135","aapl","2015-09-08","111.75","112.56","110.32","112.31","54843600"
"1136","aapl","2015-09-04","108.97","110.45","108.51","109.27","49996300"
"1137","aapl","2015-09-03","112.49","112.78","110.04","110.37","53233900"
"1138","aapl","2015-09-02","110.23","112.34","109.13","112.34","61888800"
"1139","aapl","2015-09-01","110.15","111.88","107.36","107.72","76845900"
"1140","aapl","2015-08-31","112.03","114.53","112.00","112.76","56229300"
"1141","aapl","2015-08-28","112.17","113.31","111.54","113.29","53164400"
"1142","aapl","2015-08-27","112.23","113.24","110.02","112.92","84616100"
"1143","aapl","2015-08-26","107.09","109.89","105.05","109.69","96774600"
"1144","aapl","2015-08-25","111.11","111.11","103.50","103.74","103601600"
"1145","aapl","2015-08-24","94.87","108.80","92.00","103.12","162206300"
"1146","aapl","2015-08-21","110.43","111.90","105.65","105.76","128275500"
"1147","aapl","2015-08-20","114.08","114.35","111.63","112.65","68501600"
"1148","aapl","2015-08-19","116.10","116.52","114.68","115.01","47445700"
"1149","aapl","2015-08-18","116.43","117.44","116.01","116.50","34560700"
"1150","aapl","2015-08-17","116.04","117.65","115.50","117.16","40884700"
"1151","aapl","2015-08-14","114.32","116.31","114.01","115.96","42929500"
"1152","aapl","2015-08-13","116.04","116.40","114.54","115.15","48535800"
"1153","aapl","2015-08-12","112.53","115.42","109.63","115.24","101217500"
"1154","aapl","2015-08-11","117.81","118.18","113.33","113.49","97082800"
"1155","aapl","2015-08-10","116.53","119.99","116.53","119.72","54951600"
"1156","aapl","2015-08-07","114.58","116.25","114.50","115.52","38670400"
"1157","aapl","2015-08-06","115.97","116.50","114.12","115.13","52903000"
"1158","aapl","2015-08-05","112.95","117.44","112.10","115.40","99312600"
"1159","aapl","2015-08-04","117.42","117.70","113.25","114.64","124138600"
"1160","aapl","2015-08-03","121.50","122.57","117.52","118.44","69976000"
"1161","aapl","2015-07-31","122.60","122.64","120.91","121.30","42885000"
"1162","aapl","2015-07-30","122.32","122.57","121.71","122.37","33628300"
"1163","aapl","2015-07-29","123.15","123.50","122.27","122.99","37011700"
"1164","aapl","2015-07-28","123.38","123.91","122.55","123.38","33618100"
"1165","aapl","2015-07-27","123.09","123.61","122.12","122.77","44455500"
"1166","aapl","2015-07-24","125.32","125.74","123.90","124.50","42162300"
"1167","aapl","2015-07-23","126.20","127.09","125.06","125.16","50999500"
"1168","aapl","2015-07-22","121.99","125.50","121.99","125.22","115450600"
"1169","aapl","2015-07-21","132.85","132.92","130.32","130.75","76756400"
"1170","aapl","2015-07-20","130.97","132.97","130.70","132.07","58900200"
"1171","aapl","2015-07-17","129.08","129.62","128.31","129.62","46164700"
"1172","aapl","2015-07-16","127.74","128.57","127.35","128.51","36222400"
"1173","aapl","2015-07-15","125.72","127.15","125.58","126.82","33649200"
"1174","aapl","2015-07-14","126.04","126.37","125.04","125.61","31768100"
"1175","aapl","2015-07-13","125.03","125.76","124.32","125.66","41440500"
"1176","aapl","2015-07-10","121.94","123.85","121.21","123.28","61354500"
"1177","aapl","2015-07-09","123.85","124.06","119.22","120.07","77821600"
"1178","aapl","2015-07-08","124.48","124.64","122.54","122.57","60761600"
"1179","aapl","2015-07-07","125.89","126.15","123.77","125.69","46946800"
"1180","aapl","2015-07-06","124.94","126.23","124.85","126.00","28060400"
"1181","aapl","2015-07-02","126.43","126.69","125.77","126.44","27211000"
"1182","aapl","2015-07-01","126.90","126.94","125.99","126.60","30238800"
"1183","aapl","2015-06-30","125.57","126.12","124.86","125.43","44370700"
"1184","aapl","2015-06-29","125.46","126.47","124.48","124.53","49161400"
"1185","aapl","2015-06-26","127.67","127.99","126.51","126.75","44066800"
"1186","aapl","2015-06-25","128.86","129.20","127.50","127.50","31938100"
"1187","aapl","2015-06-24","127.21","129.80","127.12","128.11","55280900"
"1188","aapl","2015-06-23","127.48","127.61","126.88","127.03","30268900"
"1189","aapl","2015-06-22","127.49","128.06","127.08","127.61","34039300"
"1190","aapl","2015-06-19","127.71","127.82","126.40","126.60","54716900"
"1191","aapl","2015-06-18","127.23","128.31","127.22","127.88","35407200"
"1192","aapl","2015-06-17","127.72","127.88","126.74","127.30","32918100"
"1193","aapl","2015-06-16","127.03","127.85","126.37","127.60","31494100"
"1194","aapl","2015-06-15","126.10","127.24","125.71","126.92","43988900"
"1195","aapl","2015-06-12","128.19","128.33","127.11","127.17","36886200"
"1196","aapl","2015-06-11","129.18","130.18","128.48","128.59","35390900"
"1197","aapl","2015-06-10","127.92","129.34","127.85","128.88","39087300"
"1198","aapl","2015-06-09","126.70","128.08","125.62","127.42","56075400"
"1199","aapl","2015-06-08","128.90","129.21","126.83","127.80","52674800"
"1200","aapl","2015-06-05","129.50","129.69","128.36","128.65","35626800"
"1201","aapl","2015-06-04","129.58","130.58","128.91","129.36","38450100"
"1202","aapl","2015-06-03","130.66","130.94","129.90","130.12","30889400"
"1203","aapl","2015-06-02","129.86","130.66","129.32","129.96","33667600"
"1204","aapl","2015-06-01","130.28","131.39","130.05","130.54","32112800"
"1205","aapl","2015-05-29","131.23","131.45","129.90","130.28","50884500"
"1206","aapl","2015-05-28","131.86","131.95","131.10","131.78","30733300"
"1207","aapl","2015-05-27","130.34","132.26","130.05","132.04","45833200"
"1208","aapl","2015-05-26","132.60","132.91","129.12","129.62","70697600"
"1209","aapl","2015-05-22","131.60","132.97","131.40","132.54","45596000"
"1210","aapl","2015-05-21","130.07","131.63","129.83","131.39","39730400"
"1211","aapl","2015-05-20","130.00","130.98","129.34","130.06","36454900"
"1212","aapl","2015-05-19","130.69","130.88","129.64","130.07","44633200"
"1213","aapl","2015-05-18","128.38","130.72","128.36","130.19","50882900"
"1214","aapl","2015-05-15","129.07","129.49","128.21","128.77","38208000"
"1215","aapl","2015-05-14","127.41","128.95","127.16","128.95","45203500"
"1216","aapl","2015-05-13","126.15","127.19","125.87","126.01","34694200"
"1217","aapl","2015-05-12","125.60","126.88","124.82","125.87","48160000"
"1218","aapl","2015-05-11","127.39","127.56","125.63","126.32","42035800"
"1219","aapl","2015-05-08","126.68","127.62","126.11","127.62","55550400"
"1220","aapl","2015-05-07","124.77","126.08","124.02","125.26","43940900"
"1221","aapl","2015-05-06","126.56","126.75","123.36","125.01","72141000"
"1222","aapl","2015-05-05","128.15","128.45","125.78","125.80","49271400"
"1223","aapl","2015-05-04","129.50","130.57","128.26","128.70","50988300"
"1224","aapl","2015-05-01","126.10","130.13","125.30","128.95","58512600"
"1225","aapl","2015-04-30","128.64","128.64","124.58","125.15","83195400"
"1226","aapl","2015-04-29","130.16","131.59","128.30","128.64","63386100"
"1227","aapl","2015-04-28","134.46","134.54","129.57","130.56","118924000"
"1228","aapl","2015-04-27","132.31","133.13","131.15","132.65","96954200"
"1229","aapl","2015-04-24","130.49","130.63","129.23","130.28","44525900"
"1230","aapl","2015-04-23","128.30","130.42","128.14","129.67","45770900"
"1231","aapl","2015-04-22","126.99","128.87","126.32","128.62","37654500"
"1232","aapl","2015-04-21","128.10","128.20","126.67","126.91","32435100"
"1233","aapl","2015-04-20","125.57","128.12","125.17","127.60","47054300"
"1234","aapl","2015-04-17","125.55","126.14","124.46","124.75","51957000"
"1235","aapl","2015-04-16","126.28","127.10","126.11","126.17","28369000"
"1236","aapl","2015-04-15","126.41","127.13","126.01","126.78","28970400"
"1237","aapl","2015-04-14","127.00","127.29","125.91","126.30","25524600"
"1238","aapl","2015-04-13","128.37","128.57","126.61","126.85","36365100"
"1239","aapl","2015-04-10","125.95","127.21","125.26","127.10","40188000"
"1240","aapl","2015-04-09","125.85","126.58","124.66","126.56","32484000"
"1241","aapl","2015-04-08","125.85","126.40","124.97","125.60","37329200"
"1242","aapl","2015-04-07","127.64","128.12","125.98","126.01","35012300"
"1243","aapl","2015-04-06","124.47","127.51","124.33","127.35","37194000"
"1244","aapl","2015-04-02","125.03","125.56","124.19","125.32","32220100"
"1245","aapl","2015-04-01","124.82","125.12","123.10","124.25","40621400"
"1246","aapl","2015-03-31","126.09","126.49","124.36","124.43","42090600"
"1247","aapl","2015-03-30","124.05","126.40","124.00","126.37","47099700"
"1248","aapl","2015-03-27","124.57","124.70","122.91","123.25","39546200"
"1249","aapl","2015-03-26","122.76","124.88","122.60","124.24","47572900"
"1250","aapl","2015-03-25","126.54","126.82","123.38","123.38","51655200"
"1251","aapl","2015-03-24","127.23","128.04","126.56","126.69","32842300"
"1252","aapl","2015-03-23","127.12","127.85","126.52","127.21","37709700"
"1253","aapl","2015-03-20","128.25","128.40","125.16","125.90","68695100"
"1254","aapl","2015-03-19","128.75","129.25","127.40","127.50","45809500"
"1255","aapl","2015-03-18","127.00","129.16","126.37","128.47","65270900"
"1256","aapl","2015-03-17","125.90","127.32","125.65","127.04","51023100"
"1257","aapl","2015-03-16","123.88","124.95","122.87","124.95","35874300"
"1258","aapl","2015-03-13","124.40","125.40","122.58","123.59","51827300"
"1259","aapl","2015-03-12","122.31","124.90","121.63","124.45","48362700"
"1260","aapl","2015-03-11","124.75","124.77","122.11","122.24","68939000"
"1261","aapl","2015-03-10","126.41","127.22","123.80","124.51","68856600"
"1262","aapl","2015-03-09","127.96","129.57","125.06","127.14","88528500"
"1263","aapl","2015-03-06","128.40","129.37","126.26","126.60","72842100"
"1264","aapl","2015-03-05","128.58","128.75","125.76","126.41","56517100"
"1265","aapl","2015-03-04","129.10","129.56","128.32","128.54","31666300"
